date,country,channel_type,channel,contact_reason,product_category,language,agent_id,agent_tenure_months,is_returning_customer,queue_length,wait_time_sec,handle_time_min,sla_breached,order_value,promo_used,backlog_index,weekday,hour,pre_interaction_sentiment,fcr,csat
2025-06-21,Italy,Remote/Digital,Email Support,Assembly Help,Living Room,Italian,AG147,4,1,7,727,18.69,0,188.11,1,85.61,5,15,-0.738,1,3
2025-05-15,UK,Remote/Digital,Mobile App,Order Status,Storage,English,AG114,13,1,0,47,10.59,0,142.27,0,38.43,3,16,0.242,1,3
2025-06-30,France,Hybrid,Remote Planning Service,Delivery Issue,Bedroom,French,AG143,20,1,31,558,27.2,0,115.68,0,78.08,0,13,-0.65,0,4
2025-05-21,Italy,Hybrid,Click & Collect,Return/Exchange,Outdoor,Italian,AG102,26,0,9,440,22.33,0,266.9,0,61.96,2,21,0.107,1,4
2025-05-24,Spain,Remote/Digital,Mobile App,Product Info,Bedroom,Spanish,AG113,31,1,9,80,6.03,0,342.7,0,45.4,5,11,0.01,1,3
2025-05-03,Germany,Hybrid,Home Delivery,Order Status,Living Room,German,AG135,31,0,16,589,26.44,0,210.47,1,48.92,5,8,0.314,0,4
2025-05-22,Germany,In-store,Planning Desk,Product Info,Outdoor,German,AG114,6,1,14,133,17.8,0,143.18,0,43.82,3,20,-0.222,0,4
2025-06-22,Sweden,In-store,Planning Desk,Complaint,Bathroom,Swedish,AG151,17,0,5,113,19.86,0,174.95,0,15.1,6,13,0.104,1,3
2025-05-02,Spain,In-store,Self-serve Warehouse,Delivery Issue,Kitchen,Spanish,AG144,27,0,6,67,7.27,0,161.2,0,57.64,4,11,-0.245,1,5
2025-05-30,Netherlands,Remote/Digital,Social Media Messaging,Return/Exchange,Office,Dutch,AG117,36,1,25,407,16.79,0,386.4,1,36.0,4,11,-0.248,1,3
2025-06-07,France,In-store,Planning Desk,Return/Exchange,Storage,French,AG148,16,1,13,85,20.61,0,238.07,0,89.65,5,17,0.832,1,5
2025-05-02,Portugal,Remote/Digital,Live Chat,Delivery Issue,Bedroom,Portuguese,AG105,31,1,12,110,11.59,0,189.72,0,45.06,4,14,-0.43,1,3
2025-07-03,Netherlands,Hybrid,Remote Planning Service,Order Status,Bedroom,Dutch,AG122,31,1,5,445,28.53,0,59.6,0,25.18,3,17,-0.382,1,5
2025-06-29,Portugal,Remote/Digital,Social Media Messaging,Order Status,Bathroom,Portuguese,AG151,15,1,11,416,16.21,0,216.34,0,39.23,6,8,-0.161,1,4
2025-05-21,Spain,In-store,Self-serve Warehouse,Return/Exchange,Children,Spanish,AG134,4,1,7,77,5.9,0,160.86,0,60.11,2,21,0.934,1,3
2025-06-02,Italy,Remote/Digital,Email Support,Order Status,Outdoor,Italian,AG105,31,1,10,728,13.58,0,180.19,1,62.5,0,17,0.137,1,4
2025-06-27,UK,In-store,In-store Showroom,Order Status,Office,English,AG136,6,1,15,84,12.78,0,116.5,0,34.2,4,12,0.456,1,5
2025-05-22,Germany,Hybrid,Remote Planning Service,Return/Exchange,Bedroom,German,AG102,22,0,22,512,27.42,0,191.16,0,31.38,3,12,-0.594,1,3
2025-06-18,Germany,In-store,Self-serve Warehouse,Complaint,Bathroom,German,AG105,30,1,13,97,11.23,0,189.58,0,50.58,2,17,-1.0,1,3
2025-06-28,Germany,In-store,Self-serve Warehouse,Delivery Issue,Bedroom,German,AG124,33,0,18,109,3.37,0,323.83,0,49.88,5,12,-0.585,1,3
2025-06-11,UK,Hybrid,Click & Collect,Return/Exchange,Children,English,AG140,16,0,0,448,16.66,0,131.28,0,30.81,2,12,0.385,1,4
2025-06-29,Portugal,Hybrid,Remote Planning Service,Return/Exchange,Kitchen,Portuguese,AG123,22,1,18,506,28.11,0,169.8,0,57.8,6,9,-0.344,0,4
2025-05-15,Portugal,Remote/Digital,Mobile App,Return/Exchange,Storage,Portuguese,AG142,15,0,23,78,8.93,0,168.22,0,49.29,3,8,0.333,1,5
2025-07-01,UK,Remote/Digital,RCMP Call Center,Assembly Help,Bedroom,English,AG138,7,1,10,132,17.89,0,123.18,1,60.37,1,15,0.469,1,4
2025-07-01,France,Hybrid,Remote Planning Service,Order Status,Storage,French,AG110,20,1,12,520,27.83,0,210.91,1,54.07,1,8,0.58,0,5
2025-06-16,Sweden,In-store,Market Hall,Product Info,Outdoor,Swedish,AG117,34,0,18,97,7.35,0,0.0,1,49.25,0,19,0.731,1,5
2025-07-01,Germany,Hybrid,Click & Collect,Delivery Issue,Office,German,AG153,8,0,16,410,18.24,0,105.99,1,50.71,1,9,-0.509,0,4
2025-06-20,Spain,Remote/Digital,Email Support,Delivery Issue,Storage,Spanish,AG152,3,1,16,717,16.8,0,204.32,0,61.79,4,21,0.362,1,4
2025-06-24,Spain,Remote/Digital,Website,Complaint,Office,Spanish,AG125,16,1,17,90,3.29,0,133.32,0,46.79,1,19,-0.351,0,3
2025-07-03,UK,Remote/Digital,Website,Order Status,Bedroom,English,AG113,29,0,8,63,4.79,0,353.21,0,57.73,3,13,-0.496,1,4
2025-05-03,Portugal,Hybrid,Click & Collect,Delivery Issue,Storage,Portuguese,AG141,28,1,26,441,14.75,1,277.66,0,64.07,5,20,-0.261,0,2
2025-06-20,Sweden,Hybrid,Home Delivery,Product Info,Outdoor,Swedish,AG156,16,0,17,604,17.79,0,130.61,0,50.54,4,13,0.506,1,4
2025-05-07,Sweden,In-store,Planning Desk,Order Status,Kitchen,Swedish,AG116,22,0,18,158,17.7,0,252.06,0,67.54,2,20,0.005,0,3
2025-05-21,France,Remote/Digital,Email Support,Delivery Issue,Storage,French,AG147,4,1,12,708,20.42,1,301.43,0,59.68,2,9,-0.356,1,3
2025-06-08,UK,Remote/Digital,Live Chat,Assembly Help,Outdoor,English,AG157,36,1,13,84,12.86,0,281.63,0,61.28,6,8,0.078,1,4
2025-05-18,Netherlands,Hybrid,Home Delivery,Complaint,Office,Dutch,AG114,12,0,9,550,27.04,0,171.89,0,24.49,6,14,-0.336,1,4
2025-05-04,France,In-store,Planning Desk,Product Info,Children,French,AG105,31,1,5,74,18.49,0,63.13,0,31.59,6,12,0.034,1,4
2025-06-29,Spain,In-store,Planning Desk,Assembly Help,Bedroom,Spanish,AG109,31,1,11,131,21.75,0,251.05,0,74.4,6,8,0.07,1,5
2025-05-14,France,In-store,Self-serve Warehouse,Order Status,Outdoor,French,AG138,7,1,18,123,5.81,0,98.02,0,43.31,2,15,-0.829,0,3
2025-05-09,Italy,Remote/Digital,Email Support,Payment/Billing,Outdoor,Italian,AG124,30,0,21,722,21.89,0,0.0,0,63.16,4,13,-0.22,1,4
2025-06-22,Sweden,In-store,Market Hall,Product Info,Bathroom,Swedish,AG135,32,1,12,82,4.64,0,241.89,0,45.89,6,9,0.718,0,4
2025-05-02,Spain,In-store,Planning Desk,Product Info,Bedroom,Spanish,AG143,22,1,22,137,20.33,0,294.6,1,84.25,4,18,0.268,1,4
2025-06-29,UK,Remote/Digital,RCMP Call Center,Product Info,Office,English,AG107,10,1,15,150,18.47,0,82.07,0,20.04,6,9,-0.407,1,4
2025-06-13,UK,Remote/Digital,Social Media Messaging,Delivery Issue,Outdoor,English,AG110,21,0,4,394,13.04,0,264.37,1,28.03,4,12,-0.685,0,3
2025-05-08,Sweden,Remote/Digital,Live Chat,Order Status,Living Room,Swedish,AG146,1,1,9,74,7.39,0,194.69,0,59.34,3,15,0.388,0,3
2025-06-16,UK,Remote/Digital,Live Chat,Product Info,Kitchen,English,AG132,1,0,15,114,11.9,1,20.34,0,74.79,0,11,0.424,0,3
2025-06-04,Italy,In-store,Planning Desk,Order Status,Bathroom,Italian,AG153,6,0,6,104,20.04,0,21.84,0,56.36,2,17,-0.43,0,4
2025-06-05,Germany,Remote/Digital,RCMP Call Center,Delivery Issue,Kitchen,German,AG123,24,1,18,131,13.91,0,234.58,0,48.93,3,11,-0.263,1,4
2025-06-19,France,Remote/Digital,Social Media Messaging,Delivery Issue,Living Room,French,AG138,11,0,5,440,16.19,0,109.78,0,51.38,3,19,-0.407,0,4
2025-05-04,Portugal,In-store,In-store Showroom,Product Info,Children,Portuguese,AG101,17,0,13,70,11.58,0,135.81,0,64.44,6,9,0.135,1,5
2025-05-02,Italy,Remote/Digital,Mobile App,Return/Exchange,Office,Italian,AG156,17,1,13,69,10.77,0,115.32,0,25.8,4,9,0.192,0,4
2025-05-06,UK,Remote/Digital,Mobile App,Assembly Help,Storage,English,AG103,14,1,11,95,9.81,0,247.56,0,51.88,1,20,-0.643,1,3
2025-06-23,Germany,Remote/Digital,Mobile App,Return/Exchange,Bedroom,German,AG105,35,0,18,76,8.2,0,33.34,0,97.13,0,21,0.169,0,4
2025-05-04,Sweden,Hybrid,Home Delivery,Delivery Issue,Bedroom,Swedish,AG148,23,1,10,519,22.79,0,61.14,0,55.88,6,12,-0.869,1,2
2025-06-23,France,In-store,Self-serve Warehouse,Product Info,Kitchen,French,AG142,19,0,22,74,7.46,0,67.03,0,89.72,0,11,0.495,0,4
2025-07-02,Sweden,Remote/Digital,Live Chat,Return/Exchange,Kitchen,Swedish,AG116,21,0,27,149,12.08,0,207.39,0,56.2,2,18,-0.571,0,3
2025-05-18,Netherlands,Remote/Digital,Website,Product Info,Storage,Dutch,AG159,5,1,6,75,8.94,0,105.18,0,82.18,6,10,0.093,0,3
2025-06-13,Germany,Remote/Digital,Website,Delivery Issue,Bathroom,German,AG125,15,0,3,67,13.29,1,38.71,0,43.48,4,21,0.14,1,5
2025-06-03,Portugal,In-store,Self-serve Warehouse,Return/Exchange,Children,Portuguese,AG157,36,1,5,87,6.8,0,151.59,0,39.33,1,20,-0.14,0,4
2025-07-01,Sweden,In-store,Planning Desk,Delivery Issue,Bedroom,Swedish,AG115,16,1,4,75,21.73,0,219.28,0,27.51,1,14,-0.173,0,5
2025-05-14,Germany,Hybrid,Home Delivery,Delivery Issue,Bedroom,German,AG121,3,1,7,586,24.55,0,215.34,0,68.54,2,14,-0.728,1,4
2025-06-17,Spain,Remote/Digital,Email Support,Complaint,Storage,Spanish,AG137,23,0,11,687,19.2,0,124.8,1,39.77,1,9,-0.731,1,3
2025-05-15,Germany,Remote/Digital,Email Support,Assembly Help,Living Room,German,AG104,23,0,8,695,19.12,0,167.97,0,44.23,3,19,0.183,1,3
2025-07-01,Spain,Remote/Digital,Mobile App,Return/Exchange,Storage,Spanish,AG104,21,0,10,69,11.53,0,228.66,0,52.96,1,17,-0.174,1,4
2025-06-09,Spain,Hybrid,Click & Collect,Order Status,Office,Spanish,AG104,23,1,12,412,14.88,0,252.3,0,60.89,0,20,0.63,1,5
2025-06-22,Germany,Remote/Digital,Email Support,Return/Exchange,Bathroom,German,AG142,18,1,8,720,13.96,1,202.09,0,45.46,6,16,0.215,1,5
2025-05-24,Sweden,In-store,Planning Desk,Delivery Issue,Storage,Swedish,AG134,1,0,10,93,16.97,0,115.15,0,30.25,5,19,-0.302,0,5
2025-05-26,France,Hybrid,Click & Collect,Product Info,Children,French,AG115,21,0,6,434,15.74,0,116.79,0,49.54,0,17,-0.302,1,3
2025-06-29,Sweden,In-store,In-store Showroom,Delivery Issue,Outdoor,Swedish,AG112,33,1,14,46,3.0,0,122.25,0,52.5,6,20,0.029,1,5
2025-06-10,Italy,In-store,Self-serve Warehouse,Assembly Help,Bedroom,Italian,AG142,21,0,11,41,10.25,0,12.23,0,80.2,1,19,0.191,0,3
2025-05-29,Netherlands,Hybrid,Remote Planning Service,Order Status,Office,Dutch,AG127,16,0,16,501,22.19,0,67.07,0,50.45,3,13,0.237,0,5
2025-05-15,Netherlands,In-store,In-store Showroom,Order Status,Children,Dutch,AG155,8,0,20,53,12.18,0,236.58,0,76.99,3,9,-0.262,1,4
2025-06-14,Spain,Remote/Digital,Live Chat,Delivery Issue,Bedroom,Spanish,AG103,13,1,12,98,11.83,0,179.48,0,49.31,5,12,0.129,1,4
2025-07-04,Netherlands,Remote/Digital,Email Support,Order Status,Office,Dutch,AG151,27,0,14,701,26.45,1,197.14,0,40.23,4,13,0.618,1,5
2025-05-09,Italy,Remote/Digital,Social Media Messaging,Product Info,Storage,Italian,AG112,36,1,14,440,10.7,0,73.56,0,47.92,4,12,-0.203,1,5
2025-05-01,Germany,Hybrid,Home Delivery,Order Status,Children,German,AG108,26,0,8,549,22.77,0,309.31,1,53.46,3,13,0.457,1,4
2025-05-08,Netherlands,Remote/Digital,Mobile App,Product Info,Kitchen,Dutch,AG117,35,1,1,53,8.7,0,74.16,0,71.86,3,13,0.58,1,5
2025-07-02,Sweden,In-store,Self-serve Warehouse,Product Info,Storage,Swedish,AG155,8,1,11,69,2.12,0,150.87,1,40.0,2,11,-0.31,0,4
2025-05-11,Italy,Remote/Digital,Mobile App,Order Status,Children,Italian,AG151,26,1,11,44,12.21,1,389.38,0,48.17,6,8,-0.321,1,4
2025-05-08,Italy,Remote/Digital,Email Support,Return/Exchange,Living Room,Italian,AG141,33,0,21,740,16.13,1,25.94,0,60.77,3,20,-0.385,1,2
2025-06-04,Spain,Hybrid,Home Delivery,Product Info,Bedroom,Spanish,AG159,7,1,12,577,22.8,1,148.28,0,55.32,2,16,-0.075,1,4
2025-06-04,Germany,In-store,Market Hall,Return/Exchange,Kitchen,German,AG126,20,1,10,69,4.15,0,365.91,0,67.4,2,13,-0.065,1,4
2025-06-02,Sweden,Remote/Digital,Email Support,Product Info,Children,Swedish,AG113,30,0,16,703,13.63,1,46.47,1,51.45,0,15,0.463,1,4
2025-05-05,Netherlands,In-store,Self-serve Warehouse,Delivery Issue,Living Room,Dutch,AG110,21,1,7,114,6.93,0,194.91,0,45.27,0,19,0.008,0,5
2025-06-10,Netherlands,Hybrid,Click & Collect,Order Status,Living Room,Dutch,AG124,31,0,32,498,16.65,0,156.85,1,66.45,1,13,-0.302,1,3
2025-05-28,UK,Remote/Digital,Website,Order Status,Children,English,AG118,29,1,8,80,8.4,0,326.13,1,38.01,2,10,0.202,0,4
2025-05-07,Netherlands,Hybrid,Click & Collect,Delivery Issue,Children,Dutch,AG109,32,0,11,424,15.73,0,125.97,0,42.22,2,11,-0.72,1,4
2025-05-12,Germany,In-store,Self-serve Warehouse,Return/Exchange,Bathroom,German,AG113,28,1,16,76,9.63,0,274.2,1,47.12,0,16,0.539,1,4
2025-06-03,Spain,Remote/Digital,RCMP Call Center,Order Status,Living Room,Spanish,AG147,3,0,8,133,12.36,1,222.63,0,41.74,1,19,-0.03,0,3
2025-06-02,Portugal,Hybrid,Click & Collect,Product Info,Living Room,Portuguese,AG103,13,0,17,437,14.79,0,96.37,1,78.69,0,11,0.052,1,3
2025-06-17,Sweden,Remote/Digital,Social Media Messaging,Complaint,Kitchen,Swedish,AG103,15,0,26,402,10.85,0,95.85,0,61.5,1,12,-0.492,0,4
2025-05-23,Italy,Remote/Digital,Email Support,Order Status,Kitchen,Italian,AG104,22,1,2,710,16.93,0,209.47,0,68.66,4,14,0.177,1,4
2025-07-01,Italy,Remote/Digital,RCMP Call Center,Order Status,Storage,Italian,AG125,15,1,15,134,11.64,0,122.83,0,46.64,1,14,0.295,1,5
2025-06-06,Italy,Hybrid,Home Delivery,Complaint,Storage,Italian,AG137,23,0,17,586,23.67,0,14.32,0,55.19,4,9,-0.493,1,4
2025-06-13,Spain,Remote/Digital,Website,Delivery Issue,Bedroom,Spanish,AG126,23,1,16,64,6.9,0,182.46,1,43.47,4,13,-0.009,1,5
2025-06-04,Portugal,In-store,Planning Desk,Order Status,Bathroom,Portuguese,AG113,31,0,23,129,8.58,1,284.36,0,51.29,2,21,0.144,1,4
2025-07-04,Portugal,Hybrid,Home Delivery,Delivery Issue,Storage,Portuguese,AG116,20,0,26,607,20.03,0,233.31,1,58.99,4,18,0.157,0,4
2025-06-16,Netherlands,In-store,Planning Desk,Return/Exchange,Kitchen,Dutch,AG142,26,0,6,136,18.39,0,250.59,1,42.97,0,16,0.665,0,4
2025-05-03,UK,Remote/Digital,Social Media Messaging,Return/Exchange,Children,English,AG120,21,1,11,423,15.56,0,145.78,0,48.42,5,13,-0.759,1,3
2025-05-01,Italy,Remote/Digital,Live Chat,Order Status,Living Room,Italian,AG129,9,0,13,112,8.75,0,129.24,0,54.33,3,21,-0.445,0,4
2025-05-05,Italy,Remote/Digital,Social Media Messaging,Complaint,Bedroom,Italian,AG134,4,1,12,424,13.18,1,0.0,1,78.52,0,14,-0.887,0,2
2025-05-14,Germany,Hybrid,Remote Planning Service,Return/Exchange,Bathroom,German,AG108,22,1,12,493,22.09,0,154.54,0,62.28,2,14,0.592,0,3
2025-05-27,Portugal,Remote/Digital,Social Media Messaging,Delivery Issue,Bedroom,Portuguese,AG156,17,1,19,396,18.86,0,233.85,0,23.99,1,17,-0.14,1,4
2025-05-09,Germany,Remote/Digital,Social Media Messaging,Return/Exchange,Office,German,AG118,34,1,9,402,15.18,1,134.13,1,41.45,4,12,0.057,1,4
2025-05-15,France,Remote/Digital,Social Media Messaging,Product Info,Children,French,AG153,4,0,25,433,18.0,1,166.15,0,29.32,3,10,-0.126,0,2
2025-06-11,UK,Remote/Digital,Social Media Messaging,Order Status,Living Room,English,AG142,18,1,0,359,16.41,0,337.97,0,41.57,2,10,-0.152,1,4
2025-06-20,UK,In-store,In-store Showroom,Order Status,Bedroom,English,AG156,19,1,12,78,6.83,0,89.7,1,56.27,4,15,-0.166,1,4
2025-07-02,France,Remote/Digital,Website,Delivery Issue,Bathroom,French,AG107,11,0,11,111,3.99,0,135.65,0,26.91,2,20,-1.0,0,3
2025-06-21,Italy,In-store,Self-serve Warehouse,Return/Exchange,Kitchen,Italian,AG117,38,0,24,94,6.92,0,209.52,0,51.28,5,8,-0.426,0,3
2025-05-04,UK,Hybrid,Remote Planning Service,Return/Exchange,Storage,English,AG145,15,1,8,494,29.21,0,223.68,0,43.02,6,14,-0.456,0,3
2025-05-23,Portugal,Hybrid,Click & Collect,Complaint,Storage,Portuguese,AG143,20,0,12,431,16.7,0,113.71,0,59.81,4,21,-1.0,1,2
2025-05-15,UK,Remote/Digital,Email Support,Assembly Help,Children,English,AG116,26,1,19,744,12.38,0,103.64,1,44.95,3,8,0.57,1,4
2025-06-12,Spain,Remote/Digital,RCMP Call Center,Product Info,Bedroom,Spanish,AG140,21,0,23,152,19.57,0,60.23,0,46.38,3,9,-0.083,0,3
2025-05-29,Netherlands,Remote/Digital,Social Media Messaging,Order Status,Bathroom,Dutch,AG102,25,1,19,419,12.63,0,268.36,0,28.41,3,15,0.041,0,5
2025-06-05,Spain,Remote/Digital,Live Chat,Product Info,Office,Spanish,AG149,15,1,0,99,10.94,0,195.01,0,53.2,3,10,0.429,1,4
2025-05-13,France,Remote/Digital,Mobile App,Return/Exchange,Bathroom,French,AG110,18,1,9,70,8.42,0,255.89,1,39.53,1,21,0.194,1,3
2025-06-01,Sweden,Remote/Digital,Email Support,Assembly Help,Outdoor,Swedish,AG135,35,1,10,689,14.95,1,138.93,0,33.42,6,11,0.345,1,5
2025-06-28,Spain,Remote/Digital,Mobile App,Return/Exchange,Bedroom,Spanish,AG104,17,1,11,88,3.66,0,194.04,1,35.54,5,9,0.029,1,4
2025-05-28,France,Remote/Digital,RCMP Call Center,Return/Exchange,Living Room,French,AG153,8,1,13,159,14.53,1,94.11,0,34.21,2,20,-0.627,1,4
2025-07-05,Portugal,Remote/Digital,RCMP Call Center,Assembly Help,Kitchen,Portuguese,AG127,14,0,17,120,18.51,0,70.59,0,64.48,5,12,0.17,1,4
2025-06-11,France,Remote/Digital,Email Support,Return/Exchange,Living Room,French,AG119,16,0,15,714,18.03,0,278.65,0,69.06,2,9,-0.434,0,4
2025-06-14,Portugal,Hybrid,Click & Collect,Complaint,Living Room,Portuguese,AG157,40,0,14,422,14.16,0,251.41,1,36.47,5,16,-0.731,1,3
2025-07-01,Portugal,Remote/Digital,Live Chat,Order Status,Storage,Portuguese,AG143,22,0,6,86,5.9,1,219.54,0,51.52,1,17,0.228,1,4
2025-06-26,Germany,Hybrid,Remote Planning Service,Order Status,Bedroom,German,AG122,31,1,8,481,31.04,0,139.2,0,56.58,3,8,-0.233,1,4
2025-05-06,Netherlands,In-store,In-store Showroom,Return/Exchange,Kitchen,Dutch,AG159,7,1,12,61,4.89,0,122.37,1,68.93,1,16,0.429,0,4
2025-05-28,Germany,In-store,Planning Desk,Order Status,Kitchen,German,AG151,24,0,15,127,21.81,0,149.12,0,50.77,2,11,-0.137,1,4
2025-05-28,France,Remote/Digital,RCMP Call Center,Complaint,Outdoor,French,AG101,14,1,21,154,15.89,0,209.16,1,68.65,2,18,-0.264,1,4
2025-06-13,France,Hybrid,Click & Collect,Order Status,Office,French,AG150,1,1,17,440,12.84,0,112.09,0,79.82,4,20,0.727,0,5
2025-05-30,Netherlands,Remote/Digital,Live Chat,Order Status,Storage,Dutch,AG117,35,1,9,95,10.91,0,80.43,1,58.83,4,9,0.973,1,5
2025-07-01,France,Remote/Digital,RCMP Call Center,Assembly Help,Bedroom,French,AG124,31,1,12,141,9.32,1,238.87,1,56.11,1,20,-0.179,1,4
2025-07-01,Spain,Hybrid,Home Delivery,Product Info,Children,Spanish,AG114,10,1,15,640,23.65,0,177.13,0,59.43,1,19,0.144,1,4
2025-05-01,Germany,In-store,Market Hall,Order Status,Children,German,AG122,26,1,32,124,2.49,0,165.36,1,28.05,3,15,-0.005,1,3
2025-05-27,UK,In-store,Planning Desk,Delivery Issue,Storage,English,AG114,7,0,26,136,21.83,0,296.33,0,63.89,1,13,-0.088,0,3
2025-07-01,Spain,Hybrid,Home Delivery,Payment/Billing,Storage,Spanish,AG125,13,0,25,588,22.15,1,179.69,0,78.08,1,12,-0.845,1,2
2025-05-03,Portugal,Remote/Digital,RCMP Call Center,Return/Exchange,Bathroom,Portuguese,AG155,8,0,18,144,16.27,0,124.96,1,42.82,5,18,0.377,1,4
2025-07-09,Italy,Remote/Digital,Live Chat,Order Status,Bathroom,Italian,AG122,23,1,8,73,11.51,0,131.55,1,52.01,2,16,-0.133,1,4
2025-05-27,Netherlands,Remote/Digital,RCMP Call Center,Return/Exchange,Office,Dutch,AG101,19,0,20,149,9.77,1,165.95,0,24.11,1,20,-0.283,0,3
2025-05-09,Italy,Remote/Digital,Mobile App,Product Info,Bathroom,Italian,AG111,22,0,17,70,5.91,0,0.0,0,77.84,4,17,0.369,1,4
2025-07-01,UK,Remote/Digital,Email Support,Delivery Issue,Living Room,English,AG106,1,1,4,708,12.55,0,206.66,0,47.28,1,16,-0.322,1,4
2025-06-06,Netherlands,Remote/Digital,Email Support,Product Info,Office,Dutch,AG146,9,0,9,731,13.91,1,115.18,0,76.81,4,17,0.729,1,5
2025-06-20,Portugal,Hybrid,Click & Collect,Delivery Issue,Outdoor,Portuguese,AG138,15,1,22,477,14.31,0,96.02,0,72.81,4,20,-0.14,1,3
2025-06-13,Italy,Hybrid,Remote Planning Service,Payment/Billing,Outdoor,Italian,AG157,33,0,16,523,24.21,0,209.02,1,23.36,4,8,-1.0,1,3
2025-05-24,Germany,Remote/Digital,RCMP Call Center,Return/Exchange,Bathroom,German,AG102,22,1,12,156,10.21,0,53.24,0,57.53,5,14,-0.036,1,4
2025-06-28,Netherlands,Remote/Digital,Live Chat,Payment/Billing,Living Room,Dutch,AG133,38,0,7,123,7.41,0,12.26,0,55.82,5,13,-0.174,1,4
2025-06-01,Germany,Remote/Digital,Mobile App,Delivery Issue,Office,German,AG127,15,1,20,95,3.8,0,155.15,0,51.31,6,13,-0.224,1,5
2025-06-21,Italy,In-store,In-store Showroom,Return/Exchange,Office,Italian,AG139,37,0,11,38,10.13,0,258.83,0,34.9,5,19,0.401,1,4
2025-07-01,Portugal,In-store,In-store Showroom,Delivery Issue,Bedroom,Portuguese,AG146,7,1,30,109,12.13,0,224.25,1,69.65,1,13,-0.556,0,2
2025-06-27,UK,Remote/Digital,Mobile App,Product Info,Bathroom,English,AG142,15,0,16,73,5.05,0,100.3,0,65.89,4,15,0.013,1,5
2025-06-21,Netherlands,In-store,Self-serve Warehouse,Product Info,Office,Dutch,AG125,12,1,5,71,8.09,0,0.0,1,22.59,5,10,0.683,1,5
2025-05-12,UK,Remote/Digital,Live Chat,Delivery Issue,Kitchen,English,AG112,35,1,8,89,12.67,0,313.78,0,62.16,0,19,0.005,1,3
2025-06-08,Netherlands,In-store,In-store Showroom,Assembly Help,Outdoor,Dutch,AG143,15,0,20,49,4.21,0,250.09,0,50.01,6,9,-0.53,1,3
2025-05-02,France,Hybrid,Remote Planning Service,Order Status,Bathroom,French,AG125,14,0,10,475,30.2,0,240.89,0,45.8,4,13,0.349,1,4
2025-05-03,Spain,In-store,Self-serve Warehouse,Delivery Issue,Bathroom,Spanish,AG118,22,0,4,73,8.2,0,141.56,0,42.61,5,16,-0.016,1,4
2025-06-25,Germany,Remote/Digital,Live Chat,Complaint,Outdoor,German,AG150,1,1,14,135,12.3,1,247.27,0,62.7,2,16,-0.447,1,3
2025-06-28,Portugal,Hybrid,Home Delivery,Return/Exchange,Children,Portuguese,AG128,7,0,15,555,27.6,0,10.59,0,56.16,5,8,0.243,0,3
2025-05-02,Sweden,Remote/Digital,Mobile App,Product Info,Storage,Swedish,AG132,1,0,23,104,7.6,0,0.0,0,49.34,4,18,0.898,0,3
2025-05-02,Sweden,Hybrid,Home Delivery,Order Status,Kitchen,Swedish,AG142,11,1,12,588,26.19,1,200.7,0,49.37,4,9,0.381,0,5
2025-06-23,Italy,Remote/Digital,Social Media Messaging,Complaint,Bathroom,Italian,AG132,3,1,11,405,23.73,1,219.56,1,38.53,0,18,-0.172,1,3
2025-05-01,Portugal,In-store,Self-serve Warehouse,Return/Exchange,Bedroom,Portuguese,AG152,5,0,20,103,5.75,0,74.58,0,43.77,3,9,0.083,1,5
2025-05-19,Germany,In-store,Self-serve Warehouse,Delivery Issue,Bathroom,German,AG114,7,0,19,125,6.99,0,120.83,0,42.62,0,9,-0.98,0,3
2025-05-02,Germany,Hybrid,Click & Collect,Order Status,Kitchen,German,AG101,20,1,9,383,18.82,0,385.9,0,65.78,4,21,-0.508,1,5
2025-06-22,Spain,Remote/Digital,RCMP Call Center,Order Status,Storage,Spanish,AG130,3,1,6,123,17.5,0,295.4,1,52.26,6,19,0.238,0,5
2025-06-13,Italy,Remote/Digital,Website,Delivery Issue,Children,Italian,AG126,22,1,20,111,11.66,1,352.71,0,23.59,4,13,0.064,1,5
2025-06-01,Germany,Remote/Digital,Website,Payment/Billing,Outdoor,German,AG131,31,1,0,100,7.6,0,167.78,0,52.58,6,10,-0.604,1,4
2025-07-09,Netherlands,Remote/Digital,Live Chat,Product Info,Storage,Dutch,AG109,31,1,15,112,6.43,1,104.85,0,59.98,2,13,0.277,1,4
2025-06-01,Spain,Hybrid,Home Delivery,Complaint,Bedroom,Spanish,AG149,15,0,14,557,26.97,0,130.03,0,60.06,6,16,-0.734,1,4
2025-07-07,Netherlands,Hybrid,Home Delivery,Assembly Help,Storage,Dutch,AG111,16,1,11,556,23.0,0,101.1,0,79.58,0,10,-0.079,1,3
2025-06-24,Sweden,Remote/Digital,RCMP Call Center,Product Info,Living Room,Swedish,AG135,30,0,9,124,12.53,0,121.91,0,80.18,1,17,-0.016,1,3
2025-06-25,Germany,Hybrid,Home Delivery,Product Info,Bedroom,German,AG129,15,0,20,598,22.26,0,0.0,1,27.39,2,21,-0.014,1,4
2025-05-17,France,Remote/Digital,Email Support,Complaint,Children,French,AG142,20,0,15,710,18.23,1,15.07,0,47.59,5,13,0.012,0,4
2025-06-07,Portugal,In-store,Planning Desk,Order Status,Children,Portuguese,AG139,33,1,22,104,20.99,0,235.34,1,47.31,5,20,-0.055,0,5
2025-05-24,Netherlands,Remote/Digital,Social Media Messaging,Order Status,Children,Dutch,AG157,37,1,9,419,17.33,1,62.81,1,47.74,5,19,0.22,0,5
2025-07-08,France,In-store,Planning Desk,Product Info,Children,French,AG128,8,1,18,110,22.19,0,91.68,0,80.32,1,11,0.685,1,4
2025-07-09,UK,In-store,Self-serve Warehouse,Assembly Help,Storage,English,AG153,7,0,0,83,5.09,0,0.0,0,40.11,2,14,0.088,1,4
2025-05-11,UK,In-store,Market Hall,Return/Exchange,Children,English,AG140,17,1,8,110,3.24,0,173.96,0,62.77,6,20,-0.39,1,4
2025-05-16,Germany,In-store,In-store Showroom,Payment/Billing,Bathroom,German,AG128,6,1,11,52,8.22,0,185.13,1,40.47,4,14,0.417,0,4
2025-06-28,Italy,In-store,In-store Showroom,Payment/Billing,Bathroom,Italian,AG115,14,1,12,102,9.89,0,55.88,0,44.72,5,11,-0.217,1,4
2025-07-09,UK,Remote/Digital,RCMP Call Center,Delivery Issue,Office,English,AG120,22,0,12,110,13.56,0,114.37,0,53.93,2,8,0.558,1,4
2025-05-03,Italy,Remote/Digital,Website,Order Status,Kitchen,Italian,AG109,31,0,0,83,4.92,0,405.12,0,46.18,5,19,0.785,0,4
2025-05-20,Germany,In-store,Market Hall,Return/Exchange,Outdoor,German,AG144,25,1,31,107,9.42,0,135.81,0,53.47,1,11,-0.448,0,4
2025-06-28,France,Remote/Digital,RCMP Call Center,Return/Exchange,Storage,French,AG104,22,1,6,117,14.49,1,320.13,0,52.13,5,20,0.536,1,4
2025-06-05,Netherlands,In-store,Self-serve Warehouse,Delivery Issue,Outdoor,Dutch,AG121,2,1,8,74,6.48,0,218.4,0,33.35,3,21,-0.299,1,4
2025-05-19,Sweden,In-store,Market Hall,Complaint,Outdoor,Swedish,AG103,8,0,10,52,6.73,0,272.99,0,51.97,0,8,0.344,1,5
2025-07-06,Germany,In-store,In-store Showroom,Complaint,Outdoor,German,AG124,30,1,15,112,10.17,0,114.86,1,51.47,6,20,-0.52,0,3
2025-05-19,Spain,Remote/Digital,Live Chat,Product Info,Outdoor,Spanish,AG130,1,1,20,117,12.85,0,171.93,0,74.9,0,9,0.054,1,3
2025-05-20,Spain,In-store,Self-serve Warehouse,Complaint,Office,Spanish,AG119,17,1,11,88,10.37,0,27.62,1,38.01,1,21,-0.45,1,3
2025-06-21,Netherlands,Remote/Digital,RCMP Call Center,Delivery Issue,Outdoor,Dutch,AG134,1,0,13,105,7.54,1,262.85,0,60.88,5,17,-0.585,1,3
2025-06-02,Germany,Hybrid,Click & Collect,Return/Exchange,Children,German,AG114,11,1,22,454,16.23,0,197.58,0,43.46,0,8,0.191,1,3
2025-06-09,UK,Remote/Digital,Email Support,Order Status,Outdoor,English,AG131,29,0,20,755,15.53,0,209.19,1,63.67,0,17,0.085,1,4
2025-06-08,Spain,Remote/Digital,Mobile App,Return/Exchange,Outdoor,Spanish,AG121,1,0,12,68,6.31,0,208.57,1,39.03,6,14,0.3,1,4
2025-05-01,Netherlands,In-store,Self-serve Warehouse,Complaint,Kitchen,Dutch,AG153,7,1,9,77,9.16,0,33.88,0,27.11,3,20,-0.683,1,3
2025-05-11,Sweden,In-store,Self-serve Warehouse,Order Status,Kitchen,Swedish,AG139,34,0,13,49,7.61,1,275.47,0,33.83,6,8,-0.198,1,4
2025-06-26,Spain,Remote/Digital,Email Support,Delivery Issue,Outdoor,Spanish,AG137,24,1,11,714,12.65,1,173.59,0,38.62,3,10,-0.731,0,4
2025-06-19,Spain,Remote/Digital,Social Media Messaging,Return/Exchange,Bedroom,Spanish,AG141,28,0,2,375,17.87,0,139.8,0,65.48,3,19,-0.34,1,3
2025-05-23,Netherlands,Remote/Digital,Live Chat,Order Status,Kitchen,Dutch,AG155,9,0,1,95,14.62,0,125.64,1,43.43,4,21,0.225,1,5
2025-05-31,Sweden,Remote/Digital,Email Support,Delivery Issue,Kitchen,Swedish,AG103,11,0,4,703,15.77,1,364.2,0,75.54,5,20,-0.558,0,4
2025-06-11,UK,In-store,Planning Desk,Assembly Help,Outdoor,English,AG120,15,0,5,79,20.82,0,0.0,0,49.15,2,17,0.183,1,5
2025-05-07,Germany,In-store,Planning Desk,Payment/Billing,Children,German,AG120,20,0,14,77,16.33,0,239.06,0,54.06,2,12,-0.364,0,3
2025-05-16,Portugal,In-store,Self-serve Warehouse,Order Status,Outdoor,Portuguese,AG117,28,0,3,56,2.0,0,264.51,0,56.65,4,16,-0.925,0,3
2025-06-29,Netherlands,Remote/Digital,Social Media Messaging,Order Status,Bathroom,Dutch,AG153,4,0,10,410,13.91,1,59.74,0,43.1,6,21,-0.495,1,3
2025-05-02,Italy,In-store,In-store Showroom,Delivery Issue,Children,Italian,AG101,15,0,28,104,11.53,0,205.07,0,44.03,4,17,-0.181,0,4
2025-05-01,Spain,Remote/Digital,Social Media Messaging,Delivery Issue,Office,Spanish,AG114,3,0,7,377,20.41,1,89.31,0,33.99,3,8,-0.203,1,4
2025-06-17,Italy,Hybrid,Remote Planning Service,Complaint,Living Room,Italian,AG148,18,1,32,551,24.48,0,106.43,0,73.78,1,11,-0.591,0,3
2025-05-12,Spain,In-store,Planning Desk,Order Status,Storage,Spanish,AG112,32,1,8,71,15.06,0,185.31,0,61.17,0,14,0.5,1,5
2025-07-08,Spain,Remote/Digital,Social Media Messaging,Product Info,Kitchen,Spanish,AG115,17,1,12,413,17.15,1,302.53,0,63.39,1,19,0.365,1,4
2025-06-06,France,Remote/Digital,Social Media Messaging,Product Info,Children,French,AG142,17,1,24,418,19.18,0,0.0,0,60.13,4,18,-0.245,1,4
2025-06-01,Italy,Hybrid,Click & Collect,Product Info,Storage,Italian,AG129,12,1,15,455,14.58,0,249.86,0,43.2,6,11,0.766,1,5
2025-05-09,UK,Remote/Digital,Live Chat,Complaint,Office,English,AG110,22,1,15,143,8.82,0,91.17,0,88.58,4,20,-0.822,1,3
2025-05-19,Italy,In-store,Self-serve Warehouse,Order Status,Kitchen,Italian,AG119,12,0,22,100,3.49,0,88.84,0,33.94,0,17,0.374,1,5
2025-06-17,Italy,Hybrid,Remote Planning Service,Order Status,Living Room,Italian,AG159,2,1,18,494,26.94,0,265.0,0,52.0,1,19,0.453,1,5
2025-05-03,UK,Hybrid,Home Delivery,Return/Exchange,Outdoor,English,AG125,16,1,18,598,17.22,0,269.96,1,31.32,5,14,0.008,0,3
2025-05-20,Germany,Hybrid,Click & Collect,Delivery Issue,Bedroom,German,AG137,21,0,19,487,15.31,0,20.22,0,53.4,1,18,-0.509,0,3
2025-05-24,Germany,Remote/Digital,Live Chat,Return/Exchange,Bedroom,German,AG144,19,1,10,107,8.2,0,146.04,0,32.7,5,11,-0.262,1,4
2025-06-23,UK,In-store,In-store Showroom,Product Info,Bedroom,English,AG150,2,0,18,99,2.0,0,176.34,0,60.95,0,20,-0.137,1,3
2025-06-02,Spain,In-store,In-store Showroom,Return/Exchange,Office,Spanish,AG134,1,0,19,62,12.49,0,136.56,0,84.18,0,15,0.873,0,4
2025-05-24,Netherlands,In-store,Planning Desk,Product Info,Office,Dutch,AG104,20,1,20,145,14.96,0,134.04,1,39.51,5,20,0.047,0,4
2025-06-05,Portugal,Remote/Digital,RCMP Call Center,Return/Exchange,Living Room,Portuguese,AG154,17,0,8,102,13.73,0,170.68,0,44.89,3,16,-0.103,1,3
2025-06-07,Netherlands,Remote/Digital,Email Support,Delivery Issue,Children,Dutch,AG106,1,0,1,699,17.26,1,52.04,0,72.7,5,15,-1.0,1,4
2025-05-25,Netherlands,Remote/Digital,Website,Delivery Issue,Office,Dutch,AG140,16,1,8,55,5.47,0,272.42,0,37.39,6,11,-0.558,1,4
2025-05-18,Sweden,In-store,Self-serve Warehouse,Product Info,Kitchen,Swedish,AG127,17,1,18,110,10.14,0,140.84,0,52.51,6,9,-0.725,1,3
2025-07-05,France,Hybrid,Home Delivery,Assembly Help,Bathroom,French,AG139,31,0,13,566,23.06,0,130.09,0,48.52,5,17,0.392,1,4
2025-06-23,Sweden,Remote/Digital,RCMP Call Center,Product Info,Children,Swedish,AG127,12,0,20,167,15.49,0,10.95,0,66.03,0,13,-0.044,1,4
2025-06-04,UK,Hybrid,Click & Collect,Assembly Help,Office,English,AG154,17,1,2,404,22.86,0,160.43,0,76.2,2,14,-0.393,1,4
2025-06-30,Germany,In-store,Self-serve Warehouse,Return/Exchange,Bedroom,German,AG117,36,0,4,48,5.15,0,183.44,0,46.85,0,14,-0.05,1,3
2025-06-10,Sweden,Remote/Digital,Email Support,Order Status,Storage,Swedish,AG148,16,0,12,705,17.39,1,224.8,0,53.0,1,14,0.202,1,4
2025-06-02,Sweden,Remote/Digital,Email Support,Delivery Issue,Outdoor,Swedish,AG121,3,1,11,690,13.46,0,243.51,0,50.78,0,19,-0.757,1,4
2025-07-07,Spain,In-store,Market Hall,Delivery Issue,Children,Spanish,AG154,21,1,19,113,9.99,0,183.92,0,70.88,0,11,-0.817,1,3
2025-06-02,Portugal,Hybrid,Remote Planning Service,Return/Exchange,Kitchen,Portuguese,AG131,27,1,20,538,22.03,0,25.11,1,57.54,0,14,0.341,1,4
2025-05-14,Germany,Remote/Digital,Live Chat,Delivery Issue,Office,German,AG151,26,0,7,131,14.23,0,200.78,0,50.58,2,10,0.526,1,5
2025-05-21,UK,Hybrid,Click & Collect,Payment/Billing,Office,English,AG117,30,1,23,464,13.69,0,0.0,0,41.27,2,16,0.526,1,4
2025-06-17,UK,In-store,Planning Desk,Delivery Issue,Living Room,English,AG133,44,1,31,140,16.61,0,157.92,1,61.95,1,10,-0.365,1,4
2025-05-20,Germany,In-store,Market Hall,Delivery Issue,Bedroom,German,AG115,15,1,32,97,8.02,0,211.47,0,47.89,1,13,-0.3,1,3
2025-05-08,Netherlands,In-store,In-store Showroom,Order Status,Children,Dutch,AG135,30,1,11,60,6.65,0,71.4,0,36.66,3,8,-0.116,0,3
2025-05-07,Germany,Remote/Digital,Website,Product Info,Children,German,AG141,25,1,6,63,16.17,0,226.51,0,37.52,2,8,0.774,0,4
2025-07-06,Sweden,Hybrid,Remote Planning Service,Return/Exchange,Children,Swedish,AG150,1,0,2,496,24.61,1,140.43,0,72.2,6,16,-0.257,1,3
2025-05-17,Spain,Hybrid,Click & Collect,Assembly Help,Bedroom,Spanish,AG118,24,1,16,473,14.65,0,212.05,1,45.85,5,10,-0.054,1,4
2025-06-02,Germany,In-store,Planning Desk,Delivery Issue,Outdoor,German,AG144,26,1,2,122,16.28,0,288.3,0,29.09,0,15,-0.275,1,5
2025-06-17,Germany,In-store,In-store Showroom,Return/Exchange,Bathroom,German,AG142,15,1,21,109,7.83,0,227.06,1,58.95,1,21,0.404,1,4
2025-06-28,Portugal,Remote/Digital,Social Media Messaging,Order Status,Children,Portuguese,AG135,33,0,9,396,16.1,0,234.41,0,87.56,5,15,0.235,0,4
2025-05-22,Portugal,Remote/Digital,Live Chat,Order Status,Outdoor,Portuguese,AG147,1,0,16,112,11.58,0,315.02,1,64.85,3,21,0.256,0,5
2025-05-30,Portugal,Remote/Digital,Live Chat,Product Info,Office,Portuguese,AG144,23,1,19,100,11.09,1,116.62,0,72.3,4,15,0.103,0,5
2025-06-07,Sweden,Hybrid,Remote Planning Service,Product Info,Bathroom,Swedish,AG119,20,0,19,514,25.29,1,204.59,0,47.72,5,8,0.574,0,4
2025-06-20,UK,Remote/Digital,Live Chat,Assembly Help,Storage,English,AG107,11,1,17,133,12.83,1,147.35,0,44.35,4,13,0.471,0,4
2025-06-23,Germany,In-store,Market Hall,Return/Exchange,Office,German,AG107,11,1,0,48,8.14,0,192.69,0,64.14,0,20,-0.304,1,4
2025-05-08,France,Remote/Digital,Mobile App,Complaint,Storage,French,AG113,31,1,9,98,2.0,0,188.69,0,43.7,3,8,0.059,1,4
2025-05-27,Sweden,Hybrid,Home Delivery,Product Info,Bathroom,Swedish,AG146,8,0,11,571,23.89,0,40.39,0,39.28,1,18,0.177,1,4
2025-05-27,UK,Hybrid,Home Delivery,Product Info,Bedroom,English,AG153,5,1,23,589,21.81,0,63.72,0,66.13,1,13,0.468,0,4
2025-05-21,Germany,Remote/Digital,RCMP Call Center,Complaint,Bathroom,German,AG114,9,0,14,144,15.14,0,139.86,1,46.81,2,21,-0.187,0,3
2025-05-30,Portugal,Remote/Digital,Email Support,Product Info,Kitchen,Portuguese,AG119,12,1,8,702,16.91,0,67.28,0,34.04,4,11,-0.385,0,3
2025-05-28,Spain,Remote/Digital,Website,Delivery Issue,Kitchen,Spanish,AG117,33,0,10,82,11.37,1,158.53,0,34.16,2,9,-0.581,0,3
2025-07-03,Spain,Remote/Digital,Email Support,Complaint,Living Room,Spanish,AG135,30,0,12,722,16.03,0,94.24,1,40.45,3,18,-1.0,1,3
2025-07-08,UK,Remote/Digital,Mobile App,Complaint,Kitchen,English,AG140,18,1,13,102,6.91,0,48.58,0,29.17,1,9,-0.187,1,4
2025-06-30,Sweden,Remote/Digital,Social Media Messaging,Product Info,Bedroom,Swedish,AG155,6,0,24,461,14.23,0,183.76,0,60.5,0,13,-0.245,0,4
2025-06-17,Spain,Remote/Digital,Social Media Messaging,Complaint,Bathroom,Spanish,AG130,8,1,12,420,17.6,0,142.32,1,67.96,1,20,-0.369,1,4
2025-05-19,Sweden,Remote/Digital,Social Media Messaging,Return/Exchange,Children,Swedish,AG121,1,0,19,392,14.8,0,196.52,0,57.7,0,9,-0.548,0,4
2025-05-04,France,In-store,Planning Desk,Product Info,Living Room,French,AG116,28,0,8,99,11.65,0,107.9,0,57.4,6,18,-0.03,1,4
2025-06-04,Sweden,Hybrid,Remote Planning Service,Return/Exchange,Bedroom,Swedish,AG152,5,0,10,499,24.83,0,248.57,1,66.23,2,12,-0.203,1,5
2025-07-03,Italy,In-store,In-store Showroom,Return/Exchange,Outdoor,Italian,AG131,25,1,18,93,13.06,0,304.92,1,69.89,3,8,0.06,1,4
2025-06-18,Italy,In-store,In-store Showroom,Complaint,Living Room,Italian,AG109,25,1,5,46,7.64,0,158.65,0,63.18,2,16,-1.0,1,4
2025-05-17,France,Remote/Digital,Social Media Messaging,Payment/Billing,Bathroom,French,AG105,32,1,20,460,12.14,1,253.53,0,60.66,5,13,-0.547,1,3
2025-06-13,Germany,Remote/Digital,Website,Product Info,Bedroom,German,AG135,33,1,17,102,9.91,0,126.16,0,63.99,4,17,-0.07,1,4
2025-05-30,Netherlands,Hybrid,Remote Planning Service,Return/Exchange,Storage,Dutch,AG149,13,1,15,500,26.08,1,300.89,0,34.46,4,21,-0.032,1,3
2025-06-15,Netherlands,In-store,Market Hall,Payment/Billing,Children,Dutch,AG158,9,1,17,84,9.15,0,139.39,0,30.07,6,13,0.128,1,4
2025-05-06,Sweden,Remote/Digital,Website,Order Status,Bathroom,Swedish,AG155,12,0,15,82,7.91,0,126.44,0,77.73,1,10,-0.397,1,3
2025-06-06,Netherlands,Remote/Digital,Website,Delivery Issue,Bathroom,Dutch,AG136,8,0,16,83,9.87,0,180.85,1,58.7,4,16,-0.302,0,3
2025-05-24,Spain,In-store,In-store Showroom,Product Info,Bedroom,Spanish,AG148,18,1,18,122,6.9,0,148.5,0,72.62,5,20,-0.717,1,3
2025-06-15,Germany,Remote/Digital,Live Chat,Delivery Issue,Storage,German,AG116,22,0,16,89,9.83,0,111.48,0,59.26,6,13,0.115,0,4
2025-06-22,Italy,Remote/Digital,Website,Order Status,Kitchen,Italian,AG115,18,0,13,113,5.32,0,28.51,0,50.27,6,15,0.342,1,4
2025-06-29,France,Remote/Digital,Website,Delivery Issue,Bedroom,French,AG110,21,1,6,71,9.68,1,209.81,0,52.98,6,17,-0.456,1,4
2025-07-02,Spain,Remote/Digital,Email Support,Return/Exchange,Outdoor,Spanish,AG128,4,1,10,701,15.48,0,278.94,1,52.79,2,17,0.172,1,4
2025-06-01,Sweden,Remote/Digital,Live Chat,Order Status,Bathroom,Swedish,AG102,25,0,17,133,16.2,1,91.22,0,49.54,6,16,-0.224,1,4
2025-06-02,Germany,Hybrid,Remote Planning Service,Payment/Billing,Bathroom,German,AG145,16,1,12,511,29.65,0,181.93,0,86.0,0,12,-0.312,1,4
2025-07-06,UK,In-store,In-store Showroom,Product Info,Children,English,AG104,20,0,5,70,8.88,0,165.76,0,52.84,6,15,0.553,1,4
2025-05-18,Germany,In-store,Market Hall,Order Status,Bathroom,German,AG150,1,1,0,57,5.61,0,182.77,0,44.05,6,18,0.312,1,3
2025-05-25,Germany,Hybrid,Home Delivery,Product Info,Outdoor,German,AG107,11,1,13,582,17.06,1,22.5,0,56.26,6,9,-0.247,0,4
2025-06-23,Germany,Remote/Digital,RCMP Call Center,Return/Exchange,Kitchen,German,AG158,16,1,11,172,14.2,0,309.06,0,44.41,0,19,0.73,1,5
2025-06-27,UK,In-store,In-store Showroom,Product Info,Kitchen,English,AG104,19,1,21,83,7.15,0,71.39,0,66.36,4,19,-0.284,0,4
2025-07-06,Spain,In-store,In-store Showroom,Product Info,Kitchen,Spanish,AG150,1,0,22,81,4.81,0,54.14,0,26.97,6,16,0.654,0,5
2025-06-15,UK,Remote/Digital,Website,Return/Exchange,Bathroom,English,AG128,11,1,13,93,10.48,0,231.56,0,55.83,6,21,0.228,1,5
2025-05-24,Italy,Remote/Digital,Email Support,Complaint,Children,Italian,AG144,24,1,12,711,14.92,0,183.51,0,57.2,5,14,-0.449,1,4
2025-06-01,UK,Remote/Digital,Mobile App,Return/Exchange,Outdoor,English,AG117,33,1,18,77,4.08,0,129.72,0,43.37,6,11,-0.04,1,4
2025-06-16,Sweden,Remote/Digital,Social Media Messaging,Order Status,Children,Swedish,AG105,31,1,14,419,11.24,0,214.03,0,48.53,0,8,0.923,1,5
2025-05-23,Spain,In-store,Self-serve Warehouse,Return/Exchange,Outdoor,Spanish,AG147,4,0,17,106,4.86,0,267.21,0,51.77,4,15,-0.054,0,3
2025-07-05,Portugal,Hybrid,Click & Collect,Return/Exchange,Bathroom,Portuguese,AG101,11,0,8,450,20.32,0,175.7,0,46.13,5,11,0.485,1,4
2025-05-27,Italy,Remote/Digital,Email Support,Product Info,Storage,Italian,AG143,26,0,25,713,19.33,0,141.22,0,48.85,1,20,-0.142,0,4
2025-05-02,Spain,Remote/Digital,Mobile App,Order Status,Bathroom,Spanish,AG136,8,0,9,53,6.63,1,380.35,0,61.15,4,20,0.0,0,4
2025-05-17,Spain,Remote/Digital,Website,Product Info,Kitchen,Spanish,AG130,1,0,18,110,9.14,1,68.09,0,35.32,5,14,-0.521,1,4
2025-06-02,Sweden,Remote/Digital,Website,Product Info,Bathroom,Swedish,AG111,17,1,17,93,10.26,0,0.0,0,79.26,0,9,-0.248,1,3
2025-05-09,Netherlands,Hybrid,Home Delivery,Order Status,Children,Dutch,AG105,28,1,9,551,24.61,0,167.22,1,63.29,4,17,-0.86,1,5
2025-06-12,Sweden,In-store,Market Hall,Delivery Issue,Office,Swedish,AG126,17,0,19,68,5.93,0,94.39,0,27.09,3,10,-0.801,0,2
2025-06-17,Portugal,Remote/Digital,Mobile App,Payment/Billing,Office,Portuguese,AG142,14,1,18,93,11.3,1,32.52,0,35.24,1,16,-0.5,0,4
2025-06-08,Italy,Hybrid,Remote Planning Service,Complaint,Kitchen,Italian,AG121,1,1,8,458,26.84,0,207.73,1,64.06,6,13,-0.071,1,4
2025-06-11,Netherlands,In-store,Planning Desk,Order Status,Children,Dutch,AG118,30,1,22,132,19.24,0,153.96,0,52.21,2,20,0.67,0,4
2025-05-26,Netherlands,Hybrid,Remote Planning Service,Delivery Issue,Living Room,Dutch,AG129,9,1,8,527,27.07,0,254.51,0,54.77,0,14,-0.449,1,4
2025-06-19,Italy,Hybrid,Home Delivery,Delivery Issue,Office,Italian,AG116,21,0,10,520,23.82,1,150.64,0,21.55,3,21,-0.912,1,3
2025-05-25,Portugal,Remote/Digital,Social Media Messaging,Delivery Issue,Bedroom,Portuguese,AG149,15,0,7,435,11.29,1,220.93,1,52.97,6,11,-1.0,0,3
2025-05-24,Netherlands,In-store,Self-serve Warehouse,Product Info,Living Room,Dutch,AG142,17,0,20,105,2.0,0,8.62,0,47.28,5,11,-0.124,1,4
2025-05-13,Sweden,Hybrid,Remote Planning Service,Delivery Issue,Outdoor,Swedish,AG103,11,0,8,501,30.01,0,139.92,0,48.93,1,19,0.296,1,3
2025-06-29,Germany,In-store,Market Hall,Order Status,Office,German,AG139,37,0,15,76,5.56,0,106.92,0,60.92,6,8,0.079,1,5
2025-05-07,Sweden,Remote/Digital,Email Support,Payment/Billing,Children,Swedish,AG148,18,1,14,723,15.5,0,92.75,0,41.7,2,18,-0.397,1,4
2025-06-26,Spain,Hybrid,Click & Collect,Assembly Help,Storage,Spanish,AG117,36,1,16,436,20.73,0,208.67,1,74.37,3,17,0.409,0,4
2025-06-05,France,Hybrid,Click & Collect,Delivery Issue,Bathroom,French,AG128,6,0,15,464,21.13,0,233.01,0,51.44,3,13,0.119,1,5
2025-06-14,Sweden,Remote/Digital,Email Support,Complaint,Bedroom,Swedish,AG101,21,1,5,700,17.53,1,228.71,0,64.71,5,14,0.025,1,3
2025-05-20,Germany,Remote/Digital,Mobile App,Return/Exchange,Kitchen,German,AG119,13,0,17,63,8.1,0,204.59,1,57.71,1,17,-0.431,1,4
2025-07-04,Spain,Remote/Digital,Social Media Messaging,Delivery Issue,Outdoor,Spanish,AG105,32,1,8,433,15.64,0,332.41,1,55.93,4,15,-0.435,1,3
2025-05-08,Germany,Remote/Digital,Social Media Messaging,Return/Exchange,Bedroom,German,AG129,8,1,2,408,14.79,0,356.66,0,45.63,3,17,0.152,1,3
2025-05-16,Italy,Remote/Digital,Email Support,Return/Exchange,Kitchen,Italian,AG131,27,1,16,682,19.94,0,116.28,0,70.5,4,17,0.218,1,4
2025-05-14,UK,In-store,Planning Desk,Order Status,Bathroom,English,AG126,17,1,14,103,16.75,0,137.23,0,8.39,2,14,-0.304,1,4
2025-05-15,Sweden,Hybrid,Click & Collect,Assembly Help,Children,Swedish,AG115,17,1,7,434,22.54,0,205.53,1,72.85,3,9,-0.613,0,3
2025-07-05,Sweden,Remote/Digital,Website,Assembly Help,Kitchen,Swedish,AG124,28,0,17,117,10.61,0,26.62,0,43.28,5,16,-0.136,1,4
2025-06-01,Germany,Remote/Digital,Social Media Messaging,Assembly Help,Kitchen,German,AG155,10,1,12,385,18.86,0,223.09,1,75.96,6,16,0.189,1,3
2025-07-02,Italy,Remote/Digital,Mobile App,Order Status,Bathroom,Italian,AG149,13,1,7,107,5.31,0,257.0,1,46.68,2,17,-0.056,1,4
2025-06-20,Netherlands,Hybrid,Remote Planning Service,Delivery Issue,Office,Dutch,AG159,10,0,17,506,23.43,0,152.25,1,50.0,4,16,-0.099,1,3
2025-05-25,UK,Remote/Digital,Email Support,Return/Exchange,Living Room,English,AG118,26,0,12,722,18.12,0,80.85,1,39.0,6,12,0.605,0,4
2025-06-27,UK,Hybrid,Remote Planning Service,Order Status,Children,English,AG155,11,1,6,503,22.42,1,189.98,0,79.8,4,15,0.511,1,5
2025-07-02,France,Remote/Digital,Website,Product Info,Children,French,AG134,5,0,15,78,6.07,0,0.0,0,39.81,2,18,-0.318,0,3
2025-07-01,Sweden,Remote/Digital,Live Chat,Delivery Issue,Office,Swedish,AG121,2,0,21,141,8.61,0,221.23,0,60.34,1,17,-0.363,0,4
2025-05-22,Netherlands,Hybrid,Click & Collect,Order Status,Children,Dutch,AG159,7,0,11,462,16.94,0,129.09,0,52.96,3,16,-0.923,1,3
2025-06-27,Portugal,In-store,In-store Showroom,Complaint,Storage,Portuguese,AG144,26,1,14,77,10.35,1,60.49,0,58.17,4,20,-0.562,1,3
2025-06-27,Germany,Remote/Digital,Website,Product Info,Outdoor,German,AG114,6,0,23,94,7.85,0,125.92,0,56.72,4,17,0.051,1,4
2025-06-18,Netherlands,Remote/Digital,Social Media Messaging,Return/Exchange,Living Room,Dutch,AG120,19,0,8,389,18.01,0,296.39,0,58.89,2,14,0.167,1,5
2025-06-21,Sweden,In-store,In-store Showroom,Order Status,Outdoor,Swedish,AG124,32,1,12,88,14.73,1,278.26,0,55.7,5,12,0.134,1,4
2025-06-11,France,Remote/Digital,Social Media Messaging,Delivery Issue,Children,French,AG102,26,1,14,396,17.67,0,165.03,1,50.33,2,16,-0.172,0,3
2025-07-09,France,Remote/Digital,Mobile App,Delivery Issue,Office,French,AG155,8,1,7,59,13.84,0,176.05,1,48.08,2,14,-0.305,0,4
2025-05-15,Italy,Remote/Digital,RCMP Call Center,Return/Exchange,Children,Italian,AG106,1,1,6,107,13.28,0,244.5,1,53.74,3,9,0.571,0,4
2025-06-23,Sweden,Hybrid,Home Delivery,Payment/Billing,Living Room,Swedish,AG146,1,1,16,565,26.66,0,291.06,1,66.25,0,14,-0.332,1,5
2025-06-29,France,Remote/Digital,Website,Assembly Help,Outdoor,French,AG155,9,1,26,97,9.41,0,109.09,0,36.73,6,17,-0.029,1,3
2025-05-08,France,In-store,In-store Showroom,Return/Exchange,Bedroom,French,AG130,1,0,1,54,7.68,0,55.39,0,49.7,3,16,0.233,1,4
2025-06-22,UK,Remote/Digital,Mobile App,Complaint,Office,English,AG139,36,0,19,61,5.87,0,105.29,0,36.88,6,14,-0.364,1,4
2025-06-29,Netherlands,Remote/Digital,Social Media Messaging,Delivery Issue,Bedroom,Dutch,AG154,17,0,0,378,12.6,0,194.12,0,43.64,6,17,-0.805,1,3
2025-05-05,Portugal,Remote/Digital,Website,Order Status,Outdoor,Portuguese,AG120,18,1,10,79,3.17,0,251.66,1,36.77,0,18,0.071,1,4
2025-07-07,Sweden,Remote/Digital,Mobile App,Delivery Issue,Living Room,Swedish,AG139,41,1,10,85,6.45,0,171.35,0,40.45,0,19,-0.111,1,3
2025-05-06,Italy,Hybrid,Click & Collect,Delivery Issue,Storage,Italian,AG140,16,1,13,431,21.4,0,157.03,0,85.19,1,12,-0.654,1,4
2025-06-16,UK,Remote/Digital,Social Media Messaging,Delivery Issue,Storage,English,AG147,4,1,6,373,13.92,0,176.87,1,39.26,0,21,-0.34,1,4
2025-06-24,Italy,Remote/Digital,RCMP Call Center,Order Status,Outdoor,Italian,AG106,2,1,7,100,16.22,0,128.24,0,74.14,1,15,-0.576,0,2
2025-06-09,Italy,Remote/Digital,RCMP Call Center,Complaint,Children,Italian,AG110,17,0,10,141,10.9,1,89.4,0,50.6,0,14,0.256,1,4
2025-06-21,UK,In-store,Self-serve Warehouse,Delivery Issue,Living Room,English,AG102,26,1,9,50,9.76,0,214.17,1,33.03,5,19,0.088,1,4
2025-05-16,Portugal,Hybrid,Home Delivery,Order Status,Living Room,Portuguese,AG118,27,0,17,596,21.94,0,140.3,1,45.16,4,10,-0.03,1,5
2025-05-13,Portugal,In-store,Market Hall,Delivery Issue,Office,Portuguese,AG127,6,1,17,138,8.71,0,209.15,0,29.0,1,19,-0.275,1,4
2025-05-30,France,Hybrid,Home Delivery,Order Status,Storage,French,AG133,38,1,29,591,20.82,0,162.07,1,54.91,4,18,0.369,1,3
2025-05-19,Netherlands,Remote/Digital,Mobile App,Product Info,Kitchen,Dutch,AG110,20,0,10,67,9.57,0,79.14,0,18.92,0,15,-0.755,1,4
2025-05-17,France,In-store,Market Hall,Return/Exchange,Bedroom,French,AG139,34,1,13,111,12.94,0,130.95,0,53.75,5,12,0.678,1,5
2025-07-02,Netherlands,In-store,Self-serve Warehouse,Return/Exchange,Storage,Dutch,AG131,24,1,16,63,6.38,0,43.5,0,96.69,2,21,-0.22,0,4
2025-05-19,France,In-store,Planning Desk,Order Status,Storage,French,AG129,12,0,5,102,22.1,0,162.75,0,63.71,0,18,0.379,0,4
2025-06-27,UK,Remote/Digital,Website,Delivery Issue,Children,English,AG116,17,0,16,87,11.05,0,258.86,0,69.32,4,15,-0.129,1,5
2025-06-24,Spain,Hybrid,Click & Collect,Product Info,Children,Spanish,AG157,41,1,14,424,15.86,0,105.87,0,78.28,1,9,0.697,0,4
2025-07-01,UK,Remote/Digital,Social Media Messaging,Assembly Help,Kitchen,English,AG104,27,0,0,396,16.55,0,195.2,0,45.11,1,9,-0.659,1,3
2025-05-23,Sweden,Remote/Digital,Email Support,Return/Exchange,Office,Swedish,AG137,23,0,23,753,18.76,0,258.41,0,84.0,4,17,-0.079,1,4
2025-05-09,UK,In-store,Market Hall,Order Status,Outdoor,English,AG144,26,0,6,40,4.41,0,365.12,0,52.04,4,11,0.529,1,5
2025-05-12,UK,In-store,Market Hall,Payment/Billing,Children,English,AG154,12,0,7,109,5.02,0,110.07,1,51.9,0,14,0.266,0,3
2025-05-01,UK,Remote/Digital,Mobile App,Complaint,Storage,English,AG124,32,1,15,86,6.8,0,231.71,0,70.49,3,9,-0.006,1,4
2025-06-27,Sweden,Remote/Digital,Website,Order Status,Bedroom,Swedish,AG115,14,0,17,65,2.0,0,134.49,0,45.15,4,20,0.208,1,4
2025-05-01,Netherlands,Remote/Digital,Mobile App,Assembly Help,Office,Dutch,AG136,10,1,14,74,2.0,0,255.39,0,45.84,3,14,0.157,0,3
2025-06-03,UK,Remote/Digital,RCMP Call Center,Product Info,Bathroom,English,AG101,17,0,14,145,14.59,1,103.09,0,65.51,1,14,-0.159,1,5
2025-06-17,Netherlands,Hybrid,Click & Collect,Complaint,Bathroom,Dutch,AG100,28,1,14,418,17.94,0,51.98,0,50.24,1,19,0.01,1,3
2025-05-01,Spain,In-store,Market Hall,Order Status,Children,Spanish,AG153,6,1,6,71,6.51,1,83.1,0,41.69,3,8,0.706,1,5
2025-05-16,UK,Hybrid,Remote Planning Service,Order Status,Storage,English,AG138,11,1,23,521,30.37,0,234.35,0,70.09,4,19,0.171,1,4
2025-06-30,Portugal,Remote/Digital,Website,Return/Exchange,Storage,Portuguese,AG140,21,0,28,129,12.27,0,146.66,0,64.95,0,10,-0.042,1,4
2025-07-03,Germany,Remote/Digital,Live Chat,Complaint,Bathroom,German,AG143,18,1,12,107,12.82,0,148.39,0,52.57,3,13,-0.231,1,5
2025-07-02,France,In-store,Planning Desk,Order Status,Bedroom,French,AG157,37,1,0,43,22.36,0,314.26,1,69.81,2,10,-0.042,1,5
2025-07-08,Spain,Remote/Digital,Social Media Messaging,Product Info,Bathroom,Spanish,AG150,1,1,8,396,14.22,0,186.12,0,27.41,1,14,0.806,1,5
2025-05-22,Sweden,In-store,Self-serve Warehouse,Assembly Help,Living Room,Swedish,AG137,21,0,0,85,9.86,0,125.75,0,29.28,3,9,-0.363,0,3
2025-07-06,Portugal,In-store,Planning Desk,Return/Exchange,Kitchen,Portuguese,AG105,33,1,7,62,18.56,0,168.29,0,67.54,6,12,-0.428,0,3
2025-05-26,UK,In-store,Self-serve Warehouse,Delivery Issue,Office,English,AG147,6,1,14,95,10.36,0,289.49,0,57.86,0,21,-1.0,0,3
2025-05-16,Netherlands,In-store,Market Hall,Delivery Issue,Kitchen,Dutch,AG112,32,0,16,73,3.92,0,171.34,0,51.75,4,17,0.181,0,3
2025-06-20,France,In-store,Planning Desk,Delivery Issue,Office,French,AG133,40,0,13,137,13.0,0,106.62,1,28.25,4,16,-0.569,1,3
2025-06-26,UK,In-store,Planning Desk,Product Info,Kitchen,English,AG116,24,1,12,90,15.66,0,134.01,1,35.23,3,19,0.164,1,4
2025-05-29,Sweden,Remote/Digital,Social Media Messaging,Product Info,Bathroom,Swedish,AG147,1,1,7,423,15.9,0,244.8,0,31.82,3,16,0.616,0,5
2025-07-08,Portugal,Remote/Digital,Email Support,Product Info,Bedroom,Portuguese,AG129,15,0,15,715,16.95,0,253.99,1,76.42,1,11,0.028,1,4
2025-06-16,Italy,Remote/Digital,Social Media Messaging,Return/Exchange,Kitchen,Italian,AG148,12,1,13,421,15.93,0,230.86,0,66.39,0,17,-0.277,1,4
2025-07-01,Germany,Remote/Digital,Mobile App,Return/Exchange,Outdoor,German,AG154,21,0,13,95,6.31,1,243.17,0,22.42,1,16,-0.141,1,4
2025-07-08,Portugal,Remote/Digital,Email Support,Payment/Billing,Bedroom,Portuguese,AG150,6,1,15,704,11.74,0,104.94,0,70.75,1,13,-0.085,1,4
2025-05-16,Netherlands,In-store,Planning Desk,Product Info,Living Room,Dutch,AG116,19,1,4,108,17.26,0,131.95,0,17.33,4,9,0.196,1,4
2025-06-17,Italy,Remote/Digital,Email Support,Product Info,Children,Italian,AG123,26,0,23,744,19.32,0,53.22,0,73.6,1,13,0.399,1,4
2025-06-08,UK,Hybrid,Click & Collect,Return/Exchange,Outdoor,English,AG152,2,1,6,461,12.97,0,76.96,0,58.8,6,13,-0.145,0,3
2025-06-02,Portugal,Hybrid,Remote Planning Service,Delivery Issue,Bedroom,Portuguese,AG143,20,1,15,488,25.82,0,127.69,0,59.85,0,9,-0.181,0,5
2025-05-23,Germany,Remote/Digital,Email Support,Complaint,Children,German,AG101,15,1,19,700,18.36,0,71.84,0,49.14,4,21,-0.337,1,3
2025-05-10,Portugal,Remote/Digital,Mobile App,Assembly Help,Storage,Portuguese,AG141,24,1,22,92,3.04,0,256.37,1,54.8,5,18,0.164,1,3
2025-07-08,Italy,Remote/Digital,Website,Order Status,Children,Italian,AG158,11,1,10,87,7.03,1,206.13,0,51.39,1,20,-0.114,1,4
2025-06-03,UK,In-store,Market Hall,Order Status,Outdoor,English,AG107,10,0,13,85,8.36,1,25.57,0,46.99,1,9,0.297,1,5
2025-06-21,France,Remote/Digital,Website,Assembly Help,Living Room,French,AG102,25,0,12,59,5.75,0,0.0,0,38.65,5,11,-0.294,1,3
2025-05-10,UK,In-store,Market Hall,Product Info,Children,English,AG107,7,1,5,59,11.38,0,130.85,0,34.23,5,12,0.14,0,5
2025-05-19,Italy,Remote/Digital,Website,Product Info,Storage,Italian,AG156,20,0,15,90,4.17,0,149.14,0,65.0,0,20,-0.153,1,4
2025-06-27,France,Remote/Digital,Website,Assembly Help,Outdoor,French,AG129,13,0,6,95,6.74,0,117.72,0,56.92,4,10,0.104,1,4
2025-05-01,Portugal,In-store,Self-serve Warehouse,Product Info,Outdoor,Portuguese,AG137,19,1,24,149,7.26,0,138.39,0,43.78,3,9,0.871,0,4
2025-07-08,France,Remote/Digital,Email Support,Delivery Issue,Outdoor,French,AG141,27,0,17,714,18.67,1,217.02,1,34.32,1,16,0.003,0,4
2025-05-04,Italy,Remote/Digital,RCMP Call Center,Delivery Issue,Children,Italian,AG139,32,0,10,108,12.56,0,212.15,0,50.22,6,10,-0.213,1,3
2025-05-16,Netherlands,Remote/Digital,Mobile App,Delivery Issue,Bathroom,Dutch,AG102,27,1,13,52,8.78,0,98.86,0,44.9,4,8,-0.125,1,4
2025-05-24,Portugal,Remote/Digital,Website,Product Info,Storage,Portuguese,AG128,6,1,6,60,7.65,0,147.34,0,57.22,5,9,-0.114,1,4
2025-05-02,Sweden,In-store,Planning Desk,Complaint,Storage,Swedish,AG154,21,0,14,84,21.54,0,158.13,0,47.69,4,16,-0.657,0,4
2025-06-01,Portugal,Remote/Digital,Live Chat,Order Status,Bedroom,Portuguese,AG143,23,1,27,105,7.77,0,160.81,0,34.91,6,8,0.424,1,5
2025-05-24,Portugal,In-store,Self-serve Warehouse,Return/Exchange,Office,Portuguese,AG103,12,0,19,104,2.0,0,262.9,1,21.05,5,21,0.331,0,3
2025-05-12,Netherlands,Remote/Digital,Live Chat,Delivery Issue,Bathroom,Dutch,AG112,34,1,18,98,10.62,0,95.69,0,86.91,0,10,-0.943,1,2
2025-06-19,Italy,In-store,In-store Showroom,Order Status,Children,Italian,AG105,31,0,10,58,9.44,0,183.85,1,30.22,3,9,0.661,0,4
2025-06-04,Germany,Remote/Digital,Social Media Messaging,Order Status,Living Room,German,AG103,11,0,0,384,16.45,0,241.66,0,43.51,2,21,0.332,1,5
2025-06-02,Portugal,In-store,In-store Showroom,Return/Exchange,Storage,Portuguese,AG108,23,1,18,79,7.11,0,341.5,1,47.57,0,15,-0.86,0,2
2025-06-02,Germany,In-store,Market Hall,Complaint,Bedroom,German,AG153,1,1,13,93,2.0,0,218.35,1,91.44,0,18,-0.63,1,4
2025-06-30,Germany,Remote/Digital,Website,Return/Exchange,Storage,German,AG152,7,1,18,101,9.96,0,188.24,0,63.28,0,13,0.034,1,5
2025-06-20,Germany,Remote/Digital,Mobile App,Order Status,Office,German,AG149,13,0,8,50,8.2,0,31.2,1,51.48,4,8,0.13,0,4
2025-06-12,France,In-store,Planning Desk,Order Status,Living Room,French,AG117,35,0,6,95,18.4,0,280.61,0,54.38,3,17,0.098,1,4
2025-05-12,France,Remote/Digital,RCMP Call Center,Product Info,Kitchen,French,AG134,1,0,0,112,11.67,0,277.95,1,53.86,0,8,-0.128,1,4
2025-07-06,UK,Remote/Digital,RCMP Call Center,Order Status,Kitchen,English,AG107,19,1,4,124,17.27,0,262.86,0,60.87,6,17,-0.383,1,4
2025-07-04,Spain,In-store,Self-serve Warehouse,Order Status,Kitchen,Spanish,AG100,34,0,28,99,2.0,1,188.34,1,65.73,4,18,-0.028,0,4
2025-06-02,Portugal,In-store,Self-serve Warehouse,Delivery Issue,Storage,Portuguese,AG137,23,0,25,97,5.19,1,192.43,0,57.68,0,12,-0.696,1,5
2025-06-09,Portugal,In-store,Self-serve Warehouse,Return/Exchange,Living Room,Portuguese,AG111,17,0,5,77,6.54,0,114.07,1,47.88,0,14,0.395,1,5
2025-06-12,UK,In-store,Self-serve Warehouse,Complaint,Living Room,English,AG108,21,1,16,72,6.51,0,149.58,0,58.92,3,19,-0.68,1,4
2025-06-13,Netherlands,Hybrid,Remote Planning Service,Return/Exchange,Bedroom,Dutch,AG147,11,0,3,485,26.65,0,54.38,0,18.14,4,14,0.942,1,4
2025-05-29,Italy,Remote/Digital,Email Support,Product Info,Children,Italian,AG128,2,0,1,668,16.53,0,97.75,1,75.84,3,11,0.424,0,4
2025-05-13,Portugal,Remote/Digital,Website,Assembly Help,Bedroom,Portuguese,AG128,6,0,12,109,10.47,1,182.72,0,29.6,1,9,0.813,1,4
2025-05-12,Germany,Hybrid,Click & Collect,Return/Exchange,Living Room,German,AG146,7,0,13,419,12.23,1,224.15,1,55.19,0,19,0.159,1,3
2025-06-15,UK,Remote/Digital,Live Chat,Product Info,Children,English,AG141,25,0,11,109,4.78,0,0.0,0,65.9,6,11,0.069,1,5
2025-05-02,Spain,Remote/Digital,Website,Complaint,Living Room,Spanish,AG130,1,1,6,67,9.99,0,320.59,1,57.86,4,13,-0.198,0,4
2025-06-04,Netherlands,Hybrid,Remote Planning Service,Return/Exchange,Outdoor,Dutch,AG143,14,1,11,491,26.6,0,176.96,0,59.11,2,17,-0.358,0,3
2025-05-08,Italy,Hybrid,Click & Collect,Product Info,Children,Italian,AG145,11,1,16,456,17.01,1,78.31,0,63.29,3,21,-0.549,0,4
2025-05-26,Sweden,Remote/Digital,Website,Order Status,Bedroom,Swedish,AG157,34,0,1,57,4.73,1,271.31,1,27.58,0,15,-0.127,1,5
2025-06-03,Italy,In-store,In-store Showroom,Delivery Issue,Office,Italian,AG138,8,0,24,120,6.28,0,73.25,0,56.13,1,20,0.233,0,5
2025-05-07,France,Remote/Digital,Mobile App,Payment/Billing,Bedroom,French,AG108,21,1,13,94,6.47,0,216.99,0,31.98,2,8,0.111,1,4
2025-07-07,UK,In-store,Planning Desk,Delivery Issue,Office,English,AG124,27,0,5,59,15.48,0,86.12,0,81.71,0,18,-0.775,0,4
2025-06-27,UK,In-store,Market Hall,Assembly Help,Children,English,AG132,1,0,13,70,3.94,0,112.16,0,56.32,4,13,-0.046,1,4
2025-05-29,Netherlands,Remote/Digital,Mobile App,Assembly Help,Bedroom,Dutch,AG150,1,1,13,59,7.47,0,139.96,0,82.68,3,8,0.497,1,4
2025-06-05,Italy,In-store,Self-serve Warehouse,Payment/Billing,Storage,Italian,AG127,13,0,12,61,9.07,0,174.53,0,52.44,3,20,-0.429,1,4
2025-05-21,Sweden,Remote/Digital,Live Chat,Product Info,Storage,Swedish,AG126,19,1,17,137,14.67,0,91.62,0,62.42,2,8,0.897,0,5
2025-06-05,Portugal,In-store,In-store Showroom,Return/Exchange,Children,Portuguese,AG125,18,1,3,33,6.36,0,460.59,0,67.76,3,12,0.235,1,5
2025-05-10,Netherlands,Hybrid,Home Delivery,Order Status,Bedroom,Dutch,AG120,21,1,14,542,21.8,0,224.71,0,33.31,5,18,-0.143,1,5
2025-05-24,Netherlands,Remote/Digital,Email Support,Assembly Help,Office,Dutch,AG142,20,0,5,710,14.52,0,130.72,0,29.95,5,21,0.365,0,3
2025-07-03,UK,Remote/Digital,Live Chat,Payment/Billing,Office,English,AG109,26,1,14,121,12.78,0,129.34,0,35.66,3,17,0.013,1,4
2025-06-18,Sweden,In-store,In-store Showroom,Order Status,Bedroom,Swedish,AG105,36,1,16,93,5.43,0,184.48,0,53.42,2,16,-0.32,1,3
2025-06-05,Italy,Remote/Digital,Social Media Messaging,Return/Exchange,Bedroom,Italian,AG127,14,1,19,420,20.67,1,242.76,0,46.6,3,16,0.863,1,5
2025-05-24,Italy,Hybrid,Home Delivery,Product Info,Office,Italian,AG151,23,1,14,572,24.59,0,55.82,0,54.53,5,10,0.138,1,4
2025-05-23,France,Remote/Digital,Email Support,Complaint,Living Room,French,AG137,23,0,17,702,15.79,1,205.78,0,63.55,4,15,-0.682,1,4
2025-07-01,Portugal,In-store,Self-serve Warehouse,Return/Exchange,Bedroom,Portuguese,AG126,19,1,15,106,6.18,0,176.98,1,42.67,1,16,-0.016,1,3
2025-06-06,Portugal,In-store,Market Hall,Return/Exchange,Outdoor,Portuguese,AG155,7,1,23,76,3.46,1,306.17,0,60.6,4,20,0.283,1,3
2025-05-12,Spain,In-store,Self-serve Warehouse,Complaint,Bathroom,Spanish,AG138,10,0,18,46,11.69,0,0.0,0,93.87,0,10,-0.44,1,4
2025-06-24,UK,Hybrid,Remote Planning Service,Product Info,Office,English,AG106,1,1,29,510,28.29,0,123.03,0,74.81,1,11,-0.569,0,3
2025-05-13,Germany,Remote/Digital,Live Chat,Return/Exchange,Kitchen,German,AG142,19,1,3,105,11.14,0,360.66,0,65.34,1,15,0.204,1,5
2025-05-23,Sweden,In-store,Self-serve Warehouse,Order Status,Storage,Swedish,AG154,23,1,10,75,4.46,0,77.62,0,62.44,4,20,-0.259,0,4
2025-05-30,Italy,Remote/Digital,Social Media Messaging,Product Info,Office,Italian,AG154,9,0,13,405,15.58,0,203.51,0,64.47,4,12,0.481,1,4
2025-05-17,Portugal,In-store,Self-serve Warehouse,Order Status,Bedroom,Portuguese,AG148,20,0,5,63,11.43,0,169.69,0,38.03,5,18,0.108,1,5
2025-07-01,UK,In-store,In-store Showroom,Order Status,Storage,English,AG151,21,0,1,69,6.91,0,184.83,0,65.1,1,14,0.961,1,4
2025-05-13,Netherlands,Remote/Digital,RCMP Call Center,Order Status,Living Room,Dutch,AG138,7,1,10,125,16.88,0,168.38,1,59.41,1,21,0.07,0,4
2025-06-28,UK,Hybrid,Home Delivery,Return/Exchange,Living Room,English,AG111,19,1,20,577,21.67,0,215.51,0,85.88,5,14,-0.492,1,4
2025-05-19,UK,In-store,Self-serve Warehouse,Product Info,Bathroom,English,AG158,12,1,15,84,9.29,0,80.14,0,22.14,0,18,0.056,1,5
2025-06-18,Portugal,Remote/Digital,Social Media Messaging,Assembly Help,Office,Portuguese,AG100,33,1,24,465,12.65,0,0.0,0,46.68,2,10,0.58,1,5
2025-05-12,France,Remote/Digital,Website,Order Status,Kitchen,French,AG136,8,1,29,117,11.3,0,207.07,0,32.97,0,10,-0.176,1,4
2025-06-30,Netherlands,Remote/Digital,Website,Complaint,Bedroom,Dutch,AG109,25,0,22,135,11.19,1,177.37,0,46.79,0,11,-0.798,0,3
2025-05-19,Spain,In-store,Market Hall,Return/Exchange,Bedroom,Spanish,AG147,3,0,16,115,11.21,0,226.86,0,49.0,0,8,-0.799,1,3
2025-05-09,Germany,In-store,Market Hall,Return/Exchange,Outdoor,German,AG126,21,1,28,119,8.96,0,268.47,0,34.43,4,12,-0.716,1,3
2025-05-28,Sweden,Hybrid,Remote Planning Service,Product Info,Office,Swedish,AG110,19,1,16,517,29.17,0,99.28,0,46.3,2,17,-0.002,1,4
2025-06-21,Portugal,Hybrid,Home Delivery,Product Info,Bathroom,Portuguese,AG146,5,1,18,593,19.91,1,145.17,0,44.0,5,13,-0.265,0,3
2025-05-16,Portugal,In-store,Market Hall,Assembly Help,Bedroom,Portuguese,AG156,23,1,22,103,6.82,0,197.83,0,49.46,4,16,0.542,0,3
2025-07-08,Spain,Remote/Digital,Mobile App,Return/Exchange,Kitchen,Spanish,AG110,18,0,13,76,2.0,0,156.12,0,38.76,1,16,-0.064,1,5
2025-05-12,Spain,In-store,Planning Desk,Return/Exchange,Bedroom,Spanish,AG117,35,0,1,102,11.27,0,322.64,0,54.97,0,20,-0.373,1,4
2025-05-25,Sweden,Hybrid,Remote Planning Service,Complaint,Outdoor,Swedish,AG131,26,1,15,526,29.06,0,264.01,1,55.6,6,11,0.54,1,4
2025-06-21,Sweden,In-store,Market Hall,Complaint,Outdoor,Swedish,AG117,39,0,19,103,4.5,0,84.82,1,64.35,5,10,-0.586,1,3
2025-06-22,Germany,In-store,Self-serve Warehouse,Assembly Help,Bedroom,German,AG122,23,1,5,56,6.18,0,265.67,0,68.69,6,8,0.453,0,4
2025-05-23,Netherlands,Hybrid,Remote Planning Service,Delivery Issue,Bedroom,Dutch,AG118,25,1,20,522,23.17,0,167.27,0,37.25,4,16,-0.56,1,3
2025-05-16,Sweden,In-store,Market Hall,Product Info,Bathroom,Swedish,AG102,28,1,9,104,5.3,0,125.12,0,39.95,4,13,0.297,1,4
2025-06-26,Germany,In-store,Planning Desk,Delivery Issue,Outdoor,German,AG138,10,1,15,146,12.88,0,51.03,0,68.34,3,21,-0.999,0,4
2025-06-08,Spain,Remote/Digital,Mobile App,Assembly Help,Living Room,Spanish,AG113,27,0,22,102,2.0,0,0.0,1,46.57,6,15,-0.149,1,4
2025-06-22,UK,In-store,Planning Desk,Product Info,Storage,English,AG149,12,0,26,119,24.59,0,255.39,0,38.58,6,11,-0.196,1,4
2025-06-11,France,Remote/Digital,Live Chat,Order Status,Bathroom,French,AG118,25,1,16,91,8.33,1,173.69,0,60.42,2,18,-0.59,0,3
2025-06-27,Portugal,In-store,Market Hall,Delivery Issue,Bedroom,Portuguese,AG100,31,0,8,51,5.05,0,233.33,0,42.62,4,13,-1.0,0,4
2025-06-08,Sweden,Hybrid,Home Delivery,Assembly Help,Outdoor,Swedish,AG111,15,1,11,566,24.18,0,160.83,1,76.91,6,15,-0.306,1,5
2025-05-14,France,In-store,Market Hall,Delivery Issue,Outdoor,French,AG134,1,0,5,44,5.1,0,261.91,0,49.67,2,11,-0.355,1,5
2025-05-05,Germany,In-store,Market Hall,Order Status,Office,German,AG104,21,0,8,51,9.07,0,115.58,0,34.88,0,8,0.11,0,5
2025-06-04,Netherlands,Remote/Digital,Live Chat,Order Status,Living Room,Dutch,AG127,13,0,17,109,10.79,0,45.42,0,73.77,2,11,-0.257,1,4
2025-05-18,Spain,In-store,Planning Desk,Order Status,Children,Spanish,AG158,14,0,19,152,18.19,0,287.8,1,64.54,6,19,-0.168,1,5
2025-05-09,Italy,In-store,In-store Showroom,Delivery Issue,Office,Italian,AG136,8,1,19,73,10.11,0,175.78,0,84.87,4,20,-0.538,1,4
2025-06-27,Netherlands,In-store,Self-serve Warehouse,Assembly Help,Outdoor,Dutch,AG145,14,0,18,77,10.55,0,59.17,0,76.6,4,18,-0.401,1,3
2025-05-17,Netherlands,Hybrid,Remote Planning Service,Assembly Help,Bathroom,Dutch,AG107,10,1,11,491,30.34,1,55.3,1,24.97,5,21,0.341,1,4
2025-05-07,Netherlands,Remote/Digital,Social Media Messaging,Assembly Help,Living Room,Dutch,AG120,20,0,14,433,12.96,0,189.14,0,48.33,2,15,-0.132,1,2
2025-06-15,France,Hybrid,Remote Planning Service,Return/Exchange,Children,French,AG153,3,1,10,464,28.93,1,164.86,0,53.85,6,20,0.254,1,4
2025-05-13,Portugal,Hybrid,Remote Planning Service,Complaint,Bedroom,Portuguese,AG127,13,0,14,488,23.42,0,136.87,0,42.65,1,17,-0.786,1,3
2025-06-09,Italy,In-store,Self-serve Warehouse,Order Status,Storage,Italian,AG127,11,1,10,72,2.0,0,53.95,0,37.32,0,20,-0.55,0,4
2025-06-11,Netherlands,In-store,Market Hall,Order Status,Bedroom,Dutch,AG125,16,0,20,87,11.3,0,180.94,0,45.64,2,15,0.66,0,4
2025-05-09,UK,Remote/Digital,Mobile App,Assembly Help,Office,English,AG114,14,0,27,107,11.93,0,74.36,0,44.43,4,18,0.28,0,4
2025-06-19,Portugal,Remote/Digital,Live Chat,Return/Exchange,Kitchen,Portuguese,AG104,20,1,6,112,5.0,0,250.09,1,54.36,3,11,0.547,1,4
2025-05-27,Italy,Hybrid,Home Delivery,Return/Exchange,Storage,Italian,AG157,33,0,29,583,20.67,0,91.9,0,50.86,1,10,-0.102,0,4
2025-07-05,Portugal,In-store,In-store Showroom,Return/Exchange,Office,Portuguese,AG146,6,1,8,88,6.21,0,364.95,0,54.46,5,20,0.273,1,4
2025-05-05,France,Remote/Digital,Email Support,Delivery Issue,Storage,French,AG106,1,1,4,700,14.53,1,49.17,1,49.37,0,16,0.468,1,5
2025-05-29,France,In-store,In-store Showroom,Product Info,Bathroom,French,AG112,34,1,12,94,5.46,0,209.45,0,27.14,3,19,0.399,1,5
2025-06-06,France,Remote/Digital,Social Media Messaging,Return/Exchange,Kitchen,French,AG148,19,0,25,456,14.19,0,166.22,0,87.52,4,18,-0.146,1,4
2025-06-07,Italy,In-store,Self-serve Warehouse,Order Status,Kitchen,Italian,AG149,12,0,5,99,8.47,0,247.58,1,49.98,5,19,0.066,1,5
2025-05-08,Sweden,In-store,Market Hall,Assembly Help,Children,Swedish,AG148,19,0,5,65,8.57,0,59.94,0,27.57,3,10,0.126,1,4
2025-07-04,Sweden,Remote/Digital,RCMP Call Center,Product Info,Office,Swedish,AG155,5,0,17,125,19.63,0,106.45,1,26.13,4,13,-0.126,1,3
2025-05-17,Portugal,Remote/Digital,Email Support,Complaint,Kitchen,Portuguese,AG128,5,1,22,746,18.77,0,169.7,0,50.46,5,19,0.06,1,4
2025-06-14,Italy,In-store,Market Hall,Delivery Issue,Children,Italian,AG128,6,1,18,107,7.74,0,123.2,0,65.78,5,12,-0.04,0,3
2025-05-04,UK,Remote/Digital,Live Chat,Payment/Billing,Bathroom,English,AG137,22,1,7,88,10.89,0,264.45,0,47.16,6,21,-0.849,1,4
2025-06-05,Spain,Remote/Digital,Email Support,Order Status,Office,Spanish,AG132,11,1,4,675,19.47,0,87.88,0,56.75,3,10,-0.133,1,4
2025-07-09,Italy,Remote/Digital,Social Media Messaging,Assembly Help,Bathroom,Italian,AG129,12,1,9,426,15.57,1,267.75,0,54.02,2,20,0.171,1,4
2025-05-31,Sweden,Remote/Digital,RCMP Call Center,Complaint,Living Room,Swedish,AG103,15,0,8,129,9.07,0,87.25,0,61.95,5,12,-1.0,0,3
2025-05-19,Portugal,In-store,Planning Desk,Order Status,Bathroom,Portuguese,AG104,21,0,22,114,19.44,0,55.16,0,0.0,0,9,-0.153,1,4
2025-06-30,Italy,In-store,Planning Desk,Delivery Issue,Outdoor,Italian,AG129,13,0,7,74,18.37,0,120.91,0,52.96,0,20,-0.472,1,4
2025-06-23,Spain,In-store,Planning Desk,Return/Exchange,Children,Spanish,AG158,14,1,5,85,18.28,0,277.87,1,28.03,0,20,-0.536,1,5
2025-06-08,Germany,Remote/Digital,Mobile App,Order Status,Office,German,AG138,10,0,10,56,8.35,0,86.14,1,50.35,6,9,-0.296,1,3
2025-05-19,Sweden,In-store,Planning Desk,Return/Exchange,Kitchen,Swedish,AG103,12,1,7,98,18.79,0,180.79,0,75.64,0,21,0.366,0,3
2025-06-08,Sweden,Remote/Digital,Website,Order Status,Bedroom,Swedish,AG151,20,0,3,90,5.99,0,62.56,0,51.43,6,8,-0.145,1,4
2025-07-06,Portugal,Remote/Digital,Email Support,Delivery Issue,Bedroom,Portuguese,AG132,3,0,16,700,15.38,0,355.6,0,46.49,6,8,0.349,0,5
2025-06-14,France,Hybrid,Home Delivery,Complaint,Living Room,French,AG115,19,0,14,553,24.43,1,75.46,0,69.36,5,8,-0.925,0,3
2025-05-13,Sweden,Remote/Digital,RCMP Call Center,Product Info,Children,Swedish,AG133,35,0,13,107,17.4,0,84.03,0,47.19,1,19,0.259,1,4
2025-06-27,France,Remote/Digital,Live Chat,Return/Exchange,Office,French,AG123,23,1,17,137,6.91,1,98.48,0,75.29,4,20,0.331,1,5
2025-05-20,UK,Remote/Digital,Website,Return/Exchange,Outdoor,English,AG126,22,1,14,86,6.96,0,285.5,1,51.97,1,16,-0.041,1,3
2025-06-30,Portugal,Remote/Digital,Website,Product Info,Living Room,Portuguese,AG150,1,1,3,61,6.68,0,284.79,0,67.7,0,20,0.448,1,5
2025-06-08,Portugal,Hybrid,Remote Planning Service,Product Info,Bedroom,Portuguese,AG121,1,0,15,487,26.38,0,186.28,1,78.12,6,10,-0.889,1,3
2025-05-01,Italy,Hybrid,Click & Collect,Delivery Issue,Outdoor,Italian,AG118,32,1,8,431,19.96,0,170.6,0,31.13,3,21,0.159,1,3
2025-05-03,UK,Remote/Digital,RCMP Call Center,Return/Exchange,Kitchen,English,AG121,1,0,0,119,14.12,0,63.88,0,56.89,5,11,0.045,1,3
2025-07-01,Italy,Hybrid,Click & Collect,Delivery Issue,Kitchen,Italian,AG158,12,1,9,445,18.08,0,97.24,1,58.88,1,15,-0.055,0,4
2025-07-02,Portugal,Hybrid,Remote Planning Service,Delivery Issue,Bathroom,Portuguese,AG141,32,0,10,479,31.13,0,231.93,1,59.18,2,20,-0.645,1,4
2025-05-25,Netherlands,Hybrid,Home Delivery,Assembly Help,Kitchen,Dutch,AG138,13,1,17,585,24.8,0,24.92,0,38.34,6,10,-0.333,1,5
2025-06-25,Italy,Remote/Digital,Live Chat,Delivery Issue,Bathroom,Italian,AG135,31,0,16,115,15.08,0,151.83,0,73.33,2,14,-0.249,0,4
2025-06-02,Netherlands,Remote/Digital,Email Support,Return/Exchange,Office,Dutch,AG152,9,1,0,672,15.68,0,178.58,1,81.82,0,19,0.235,0,5
2025-06-07,France,In-store,Self-serve Warehouse,Payment/Billing,Bedroom,French,AG141,33,1,3,43,2.27,0,162.45,1,53.45,5,11,0.246,1,4
2025-05-06,Netherlands,In-store,Market Hall,Return/Exchange,Office,Dutch,AG101,17,1,16,80,6.66,0,23.01,0,76.09,1,17,-0.316,1,3
2025-06-27,Portugal,Hybrid,Home Delivery,Order Status,Bathroom,Portuguese,AG111,18,0,18,607,23.83,0,96.63,0,54.33,4,17,-0.341,1,4
2025-06-13,Germany,Hybrid,Home Delivery,Return/Exchange,Office,German,AG149,12,0,11,529,16.69,0,171.34,0,37.19,4,8,-0.117,1,4
2025-06-14,Sweden,In-store,Self-serve Warehouse,Product Info,Storage,Swedish,AG114,7,1,11,68,7.47,1,112.49,1,69.04,5,12,-0.471,1,4
2025-06-01,France,Remote/Digital,Social Media Messaging,Assembly Help,Kitchen,French,AG104,19,0,16,411,17.69,1,172.23,0,49.38,6,15,0.514,0,4
2025-06-14,UK,Remote/Digital,RCMP Call Center,Delivery Issue,Bedroom,English,AG132,1,0,15,137,21.11,0,139.98,0,68.21,5,15,0.103,1,3
2025-06-30,Spain,Hybrid,Home Delivery,Order Status,Office,Spanish,AG156,19,1,19,573,20.99,0,227.15,1,58.38,0,10,0.053,0,4
2025-06-16,France,In-store,Self-serve Warehouse,Delivery Issue,Outdoor,French,AG109,30,0,9,79,4.4,0,98.76,1,67.4,0,16,-0.025,1,5
2025-05-21,France,Hybrid,Home Delivery,Complaint,Kitchen,French,AG153,1,0,7,567,30.51,0,39.38,0,49.37,2,8,-0.447,1,3
2025-06-05,France,In-store,Self-serve Warehouse,Product Info,Children,French,AG102,24,0,6,62,2.0,0,176.18,1,47.74,3,11,0.221,1,5
2025-05-19,Netherlands,In-store,Self-serve Warehouse,Delivery Issue,Office,Dutch,AG143,26,1,35,144,7.42,0,315.66,0,65.93,0,13,-0.344,1,3
2025-05-20,Germany,Hybrid,Home Delivery,Return/Exchange,Children,German,AG139,35,1,17,519,19.58,0,119.62,1,51.83,1,18,-0.406,1,5
2025-06-26,UK,Hybrid,Remote Planning Service,Payment/Billing,Children,English,AG114,8,0,14,511,24.43,0,136.71,0,75.92,3,8,-0.48,1,4
2025-05-18,Germany,In-store,Planning Desk,Delivery Issue,Bathroom,German,AG151,24,1,15,104,16.7,0,269.65,0,64.13,6,18,-0.934,0,4
2025-06-16,Sweden,In-store,In-store Showroom,Product Info,Storage,Swedish,AG123,21,0,13,53,11.05,0,49.49,0,79.51,0,17,-0.113,1,4
2025-06-18,Sweden,In-store,Self-serve Warehouse,Complaint,Children,Swedish,AG149,14,0,16,66,2.23,0,0.0,0,34.12,2,15,-0.031,1,4
2025-05-14,UK,In-store,Market Hall,Payment/Billing,Outdoor,English,AG132,1,0,13,72,7.68,0,129.19,0,38.7,2,14,-0.721,1,4
2025-05-15,Netherlands,Remote/Digital,RCMP Call Center,Return/Exchange,Kitchen,Dutch,AG152,4,0,13,158,14.5,0,83.5,0,26.65,3,21,0.298,1,4
2025-05-31,Germany,Remote/Digital,Social Media Messaging,Return/Exchange,Kitchen,German,AG155,13,0,28,422,16.1,0,198.33,0,27.21,5,14,0.093,0,4
2025-05-01,UK,In-store,In-store Showroom,Order Status,Living Room,English,AG141,30,1,10,52,10.95,0,247.56,0,44.3,3,13,-0.254,1,3
2025-06-23,Sweden,Remote/Digital,Mobile App,Assembly Help,Office,Swedish,AG135,30,1,3,51,3.71,0,190.31,1,40.5,0,8,-0.783,1,3
2025-05-03,Italy,In-store,Market Hall,Return/Exchange,Bedroom,Italian,AG118,25,0,14,70,5.26,0,229.42,0,41.62,5,19,0.435,0,4
2025-05-16,Italy,In-store,Market Hall,Return/Exchange,Kitchen,Italian,AG117,34,0,12,124,7.85,0,135.28,0,53.95,4,13,0.25,1,4
2025-06-26,Sweden,In-store,Planning Desk,Order Status,Kitchen,Swedish,AG153,6,0,12,101,19.6,0,291.66,1,31.71,3,10,0.504,1,4
2025-05-12,Netherlands,Hybrid,Remote Planning Service,Return/Exchange,Bedroom,Dutch,AG158,15,1,22,474,23.91,0,86.76,0,61.52,0,12,-0.196,1,4
2025-05-16,Germany,In-store,Planning Desk,Order Status,Children,German,AG156,23,1,9,87,21.73,0,216.55,0,18.2,4,14,0.386,0,5
2025-05-24,Portugal,Remote/Digital,RCMP Call Center,Delivery Issue,Living Room,Portuguese,AG126,21,1,22,173,13.02,1,165.95,1,27.23,5,15,0.068,1,4
2025-05-28,Spain,In-store,Market Hall,Order Status,Outdoor,Spanish,AG132,1,0,19,88,13.0,0,166.6,0,35.99,2,13,-0.344,1,4
2025-05-08,Portugal,Remote/Digital,Live Chat,Delivery Issue,Storage,Portuguese,AG124,31,0,8,74,6.74,0,242.17,0,72.18,3,20,-0.883,1,4
2025-06-05,Italy,Remote/Digital,Live Chat,Delivery Issue,Office,Italian,AG114,9,0,14,112,11.72,0,244.19,0,52.55,3,18,-0.558,1,4
2025-05-08,Spain,Hybrid,Click & Collect,Assembly Help,Office,Spanish,AG159,7,1,8,463,13.17,1,221.17,1,33.1,3,12,0.295,1,4
2025-06-27,Italy,Hybrid,Remote Planning Service,Order Status,Office,Italian,AG150,1,0,12,482,28.93,0,107.12,0,86.58,4,10,-0.248,1,5
2025-06-29,France,Remote/Digital,RCMP Call Center,Product Info,Kitchen,French,AG102,27,1,17,166,12.49,0,0.0,0,45.99,6,12,0.72,1,5
2025-06-19,UK,In-store,Self-serve Warehouse,Delivery Issue,Children,English,AG144,24,1,0,54,10.36,0,109.44,0,51.34,3,9,0.153,1,5
2025-05-28,France,Remote/Digital,Website,Complaint,Children,French,AG128,6,0,14,125,8.88,0,100.97,0,39.33,2,9,0.074,1,4
2025-06-10,Spain,Remote/Digital,Mobile App,Product Info,Bedroom,Spanish,AG101,17,0,17,88,2.0,0,86.27,0,19.24,1,19,0.226,1,5
2025-07-03,UK,Hybrid,Home Delivery,Order Status,Storage,English,AG153,4,0,8,555,23.03,1,94.13,0,50.84,3,21,0.503,1,5
2025-05-27,France,Remote/Digital,Social Media Messaging,Assembly Help,Outdoor,French,AG107,8,0,25,426,14.92,1,188.06,0,91.83,1,12,0.238,0,3
2025-07-02,UK,In-store,Planning Desk,Assembly Help,Storage,English,AG119,18,1,18,87,12.26,0,108.5,0,40.16,2,11,-0.0,1,4
2025-05-17,Italy,Hybrid,Remote Planning Service,Return/Exchange,Living Room,Italian,AG115,22,1,7,474,33.82,0,151.0,0,63.47,5,13,-0.206,1,5
2025-06-02,Netherlands,Remote/Digital,Social Media Messaging,Delivery Issue,Children,Dutch,AG104,22,0,8,412,19.95,0,153.05,0,46.56,0,9,-0.867,1,4
2025-05-29,Italy,Remote/Digital,Website,Delivery Issue,Children,Italian,AG138,10,1,0,56,11.74,0,50.51,0,45.08,3,21,0.028,1,4
2025-05-13,Spain,Remote/Digital,Email Support,Complaint,Storage,Spanish,AG145,12,1,9,682,15.01,0,236.69,0,62.08,1,20,-0.512,1,3
2025-06-15,France,Hybrid,Click & Collect,Order Status,Bathroom,French,AG127,18,1,8,437,14.0,0,252.96,0,67.88,6,12,0.263,1,4
2025-06-04,Spain,Remote/Digital,RCMP Call Center,Complaint,Office,Spanish,AG115,21,0,12,114,12.32,0,215.49,1,38.1,2,12,-0.219,0,3
2025-05-06,Netherlands,In-store,Self-serve Warehouse,Order Status,Kitchen,Dutch,AG142,18,0,15,67,7.02,0,281.13,0,74.97,1,9,-0.09,0,4
2025-07-08,Italy,Hybrid,Click & Collect,Product Info,Office,Italian,AG104,22,0,23,460,20.48,0,172.81,1,50.49,1,11,0.413,1,5
2025-06-16,Spain,In-store,In-store Showroom,Delivery Issue,Outdoor,Spanish,AG155,7,1,16,78,6.07,0,319.53,1,51.72,0,19,-0.702,1,3
2025-05-25,Sweden,In-store,Self-serve Warehouse,Delivery Issue,Living Room,Swedish,AG140,18,1,6,38,4.56,0,257.66,0,39.28,6,16,-0.255,1,4
2025-07-05,Netherlands,In-store,Market Hall,Order Status,Office,Dutch,AG116,23,1,5,75,5.74,0,326.28,0,37.17,5,20,-0.977,1,4
2025-05-10,Spain,Hybrid,Click & Collect,Return/Exchange,Office,Spanish,AG150,3,0,16,422,13.0,0,90.6,0,57.94,5,11,0.699,1,5
2025-06-25,Italy,In-store,Self-serve Warehouse,Return/Exchange,Office,Italian,AG115,20,0,13,98,5.05,0,215.73,1,34.93,2,14,0.193,1,3
2025-05-30,Italy,Hybrid,Click & Collect,Product Info,Office,Italian,AG108,23,1,15,453,18.58,0,40.03,0,48.02,4,8,-0.408,1,4
2025-05-05,Spain,In-store,Market Hall,Order Status,Office,Spanish,AG134,4,0,16,71,4.28,0,304.88,1,61.6,0,18,-0.54,0,4
2025-06-02,Portugal,Remote/Digital,Social Media Messaging,Assembly Help,Kitchen,Portuguese,AG153,6,0,12,414,18.06,1,155.79,0,58.82,0,16,-0.172,0,4
2025-07-04,Sweden,Hybrid,Click & Collect,Order Status,Children,Swedish,AG140,21,1,7,428,16.96,0,279.33,0,54.71,4,13,-0.157,1,4
2025-05-18,France,Hybrid,Click & Collect,Complaint,Kitchen,French,AG104,17,0,13,442,17.12,0,159.95,1,54.04,6,19,0.464,0,4
2025-06-18,Sweden,Hybrid,Home Delivery,Payment/Billing,Living Room,Swedish,AG118,24,0,9,575,22.22,1,177.7,0,40.03,2,9,0.323,0,4
2025-05-11,Germany,Hybrid,Home Delivery,Complaint,Living Room,German,AG150,3,1,5,532,25.29,0,157.16,0,30.11,6,15,-0.305,1,4
2025-05-26,Germany,Remote/Digital,Email Support,Delivery Issue,Living Room,German,AG120,15,1,6,710,17.79,0,136.03,0,60.85,0,21,-0.625,1,5
2025-07-02,UK,In-store,Planning Desk,Product Info,Outdoor,English,AG152,5,1,9,72,15.72,1,10.55,0,66.2,2,8,0.012,1,4
2025-06-28,Sweden,Hybrid,Home Delivery,Delivery Issue,Bathroom,Swedish,AG102,30,1,14,579,26.01,0,198.55,0,33.42,5,15,-0.343,1,4
2025-05-27,Germany,Remote/Digital,Email Support,Delivery Issue,Bathroom,German,AG122,17,1,23,744,18.04,0,404.99,0,66.88,1,13,-0.51,1,4
2025-06-18,Spain,Hybrid,Click & Collect,Delivery Issue,Office,Spanish,AG117,38,1,0,418,18.62,0,251.56,0,11.27,2,16,0.218,1,5
2025-06-02,Italy,In-store,Market Hall,Assembly Help,Office,Italian,AG127,6,0,20,133,5.24,0,183.13,0,67.25,0,10,0.507,1,4
2025-05-01,Netherlands,Hybrid,Home Delivery,Return/Exchange,Children,Dutch,AG157,37,0,17,558,19.85,0,214.95,1,70.01,3,16,0.583,0,4
2025-05-21,Netherlands,In-store,In-store Showroom,Delivery Issue,Office,Dutch,AG111,19,0,6,24,8.31,0,153.16,0,77.15,2,17,-0.033,0,5
2025-06-24,Sweden,Hybrid,Click & Collect,Complaint,Children,Swedish,AG123,24,0,12,438,23.15,0,122.35,0,23.3,1,8,-0.733,1,4
2025-05-06,UK,Remote/Digital,Website,Assembly Help,Bedroom,English,AG146,5,0,12,66,13.72,1,133.32,1,89.55,1,14,0.282,1,3
2025-07-08,Netherlands,Remote/Digital,Social Media Messaging,Delivery Issue,Bedroom,Dutch,AG127,11,0,16,402,15.23,0,252.19,0,63.82,1,17,-0.511,0,4
2025-05-05,France,Remote/Digital,Social Media Messaging,Complaint,Bathroom,French,AG120,18,1,15,443,16.72,1,86.01,1,51.09,0,21,0.547,0,4
2025-05-03,Italy,In-store,Self-serve Warehouse,Order Status,Bedroom,Italian,AG120,21,0,13,60,8.36,0,113.16,0,51.5,5,20,0.297,0,3
2025-06-22,UK,In-store,Planning Desk,Order Status,Bathroom,English,AG128,5,1,3,86,18.3,0,135.19,0,55.83,6,11,0.193,1,4
2025-05-23,Netherlands,In-store,Self-serve Warehouse,Order Status,Kitchen,Dutch,AG144,21,1,19,87,8.6,0,244.67,0,47.43,4,21,-0.403,0,4
2025-06-22,Sweden,In-store,Self-serve Warehouse,Complaint,Office,Swedish,AG128,8,1,9,64,9.67,0,99.79,0,66.82,6,10,-0.005,1,4
2025-06-06,Spain,Hybrid,Remote Planning Service,Delivery Issue,Office,Spanish,AG139,34,0,17,480,29.49,0,59.07,1,98.69,4,19,-0.031,1,3
2025-05-17,Netherlands,In-store,Market Hall,Assembly Help,Bathroom,Dutch,AG140,16,0,2,61,10.11,0,63.1,0,30.55,5,15,-0.212,0,3
2025-05-01,Spain,Remote/Digital,Website,Return/Exchange,Bedroom,Spanish,AG142,17,1,13,80,9.88,0,343.46,1,29.65,3,15,0.37,1,4
2025-06-20,Netherlands,In-store,Planning Desk,Return/Exchange,Office,Dutch,AG132,2,0,14,109,19.55,0,152.92,0,43.51,4,11,0.36,1,5
2025-06-14,France,In-store,Self-serve Warehouse,Payment/Billing,Living Room,French,AG109,32,0,15,111,5.89,0,65.26,0,28.62,5,18,-0.854,1,3
2025-05-04,Sweden,Hybrid,Click & Collect,Delivery Issue,Living Room,Swedish,AG108,28,1,13,447,22.69,0,227.03,0,67.55,6,15,0.074,1,3
2025-07-01,Italy,Remote/Digital,Social Media Messaging,Delivery Issue,Storage,Italian,AG149,12,0,16,418,12.22,0,218.15,0,82.66,1,10,-0.62,1,4
2025-07-04,Portugal,In-store,Self-serve Warehouse,Complaint,Office,Portuguese,AG124,34,0,26,103,4.65,0,94.67,0,106.9,4,17,0.116,1,5
2025-06-01,Spain,Remote/Digital,Mobile App,Return/Exchange,Kitchen,Spanish,AG143,21,1,5,19,4.12,0,174.55,1,39.89,6,16,-0.627,1,4
2025-06-03,Sweden,Remote/Digital,RCMP Call Center,Delivery Issue,Office,Swedish,AG123,24,1,12,121,17.66,0,100.29,0,41.13,1,21,-0.778,0,3
2025-06-08,Sweden,Hybrid,Home Delivery,Payment/Billing,Bedroom,Swedish,AG136,8,1,8,583,21.47,0,50.47,0,30.92,6,13,-0.095,1,3
2025-05-26,France,Remote/Digital,Social Media Messaging,Order Status,Office,French,AG125,18,1,22,421,15.6,0,288.57,0,68.13,0,13,0.154,1,4
2025-06-03,Portugal,Remote/Digital,Mobile App,Assembly Help,Bathroom,Portuguese,AG115,19,0,10,52,2.0,0,95.53,0,46.13,1,14,0.122,0,4
